[2025-05-14 05:38:59Z INFO HostContext] No proxy settings were found based on environmental variables (http_proxy/https_proxy/HTTP_PROXY/HTTPS_PROXY)
[2025-05-14 05:38:59Z INFO HostContext] Well known directory 'Bin': 'C:\Users\MOAWIZ\Desktop\travel-to-pakistan\actions-runner\bin'
[2025-05-14 05:38:59Z INFO HostContext] Well known directory 'Root': 'C:\Users\MOAWIZ\Desktop\travel-to-pakistan\actions-runner'
[2025-05-14 05:38:59Z INFO HostContext] Well known config file 'Credentials': 'C:\Users\MOAWIZ\Desktop\travel-to-pakistan\actions-runner\.credentials'
[2025-05-14 05:38:59Z INFO HostContext] Well known directory 'Bin': 'C:\Users\MOAWIZ\Desktop\travel-to-pakistan\actions-runner\bin'
[2025-05-14 05:38:59Z INFO HostContext] Well known directory 'Root': 'C:\Users\MOAWIZ\Desktop\travel-to-pakistan\actions-runner'
[2025-05-14 05:38:59Z INFO HostContext] Well known config file 'Runner': 'C:\Users\MOAWIZ\Desktop\travel-to-pakistan\actions-runner\.runner'
[2025-05-14 05:38:59Z INFO Worker] Version: 2.323.0
[2025-05-14 05:38:59Z INFO Worker] Commit: d8b82f44a9ec0258904d5869ae683c31d5aac299
[2025-05-14 05:38:59Z INFO Worker] Culture: en-US
[2025-05-14 05:38:59Z INFO Worker] UI Culture: en-US
[2025-05-14 05:38:59Z INFO Worker] Waiting to receive the job message from the channel.
[2025-05-14 05:38:59Z INFO ProcessChannel] Receiving message of length 28028, with hash 'bc53f45a00654da72186a782d258bf4960ff77f3e064fd17d98062b9ea669872'
[2025-05-14 05:38:59Z INFO Worker] Message received.
[2025-05-14 05:38:59Z INFO Worker] Job message:
 {
  "fileTable": [
    ".github/workflows/deploy.yml"
  ],
  "mask": [
    {
      "type": "regex",
      "value": "***"
    },
    {
      "type": "regex",
      "value": "***"
    },
    {
      "type": "regex",
      "value": "***"
    },
    {
      "type": "regex",
      "value": "***"
    },
    {
      "type": "regex",
      "value": "***"
    },
    {
      "type": "regex",
      "value": "***"
    },
    {
      "type": "regex",
      "value": "***"
    },
    {
      "type": "regex",
      "value": "***"
    },
    {
      "type": "regex",
      "value": "***"
    },
    {
      "type": "regex",
      "value": "***"
    },
    {
      "type": "regex",
      "value": "***"
    },
    {
      "type": "regex",
      "value": "***"
    },
    {
      "type": "regex",
      "value": "***"
    },
    {
      "type": "regex",
      "value": "***"
    },
    {
      "type": "regex",
      "value": "***"
    },
    {
      "type": "regex",
      "value": "***"
    },
    {
      "type": "regex",
      "value": "***"
    },
    {
      "type": "regex",
      "value": "***"
    },
    {
      "type": "regex",
      "value": "***"
    },
    {
      "type": "regex",
      "value": "***"
    }
  ],
  "steps": [
    {
      "type": "action",
      "reference": {
        "type": "repository",
        "name": "actions/checkout",
        "ref": "v4",
        "repositoryType": "GitHub",
        "path": ""
      },
      "displayNameToken": {
        "type": 0,
        "file": 1,
        "line": 261,
        "col": 15,
        "lit": "Checkout code"
      },
      "contextName": "__actions_checkout",
      "inputs": {
        "type": 2,
        "file": 1,
        "line": 264,
        "col": 11,
        "map": [
          {
            "key": {
              "type": 0,
              "file": 1,
              "line": 264,
              "col": 11,
              "lit": "submodules"
            },
            "value": {
              "type": 0,
              "file": 1,
              "line": 264,
              "col": 23,
              "lit": "false"
            }
          },
          {
            "key": {
              "type": 0,
              "file": 1,
              "line": 265,
              "col": 11,
              "lit": "fetch-depth"
            },
            "value": {
              "type": 0,
              "file": 1,
              "line": 265,
              "col": 24,
              "lit": "1"
            }
          },
          {
            "key": {
              "type": 0,
              "file": 1,
              "line": 266,
              "col": 11,
              "lit": "token"
            },
            "value": {
              "type": 3,
              "file": 1,
              "line": 266,
              "col": 18,
              "expr": "secrets.GITHUB_TOKEN"
            }
          }
        ]
      },
      "condition": "success()",
      "id": "45c41f02-e244-5e65-e252-50a0c334bc2c",
      "name": "__actions_checkout"
    },
    {
      "type": "action",
      "reference": {
        "type": "repository",
        "name": "docker/login-action",
        "ref": "v3",
        "repositoryType": "GitHub",
        "path": ""
      },
      "displayNameToken": {
        "type": 0,
        "file": 1,
        "line": 270,
        "col": 15,
        "lit": "Log in to Docker Hub"
      },
      "contextName": "__docker_login-action",
      "inputs": {
        "type": 2,
        "file": 1,
        "line": 273,
        "col": 11,
        "map": [
          {
            "key": {
              "type": 0,
              "file": 1,
              "line": 273,
              "col": 11,
              "lit": "username"
            },
            "value": {
              "type": 3,
              "file": 1,
              "line": 273,
              "col": 21,
              "expr": "secrets.DOCKERHUB_USERNAME"
            }
          },
          {
            "key": {
              "type": 0,
              "file": 1,
              "line": 274,
              "col": 11,
              "lit": "password"
            },
            "value": {
              "type": 3,
              "file": 1,
              "line": 274,
              "col": 21,
              "expr": "secrets.DOCKERHUB_TOKEN"
            }
          }
        ]
      },
      "condition": "success()",
      "id": "95c2132d-0f3f-5979-5e18-2d01e5221daf",
      "name": "__docker_login-action"
    },
    {
      "type": "action",
      "reference": {
        "type": "script"
      },
      "displayNameToken": {
        "type": 0,
        "file": 1,
        "line": 276,
        "col": 15,
        "lit": "Create Docker Hub Pull Secret"
      },
      "contextName": "__run",
      "inputs": {
        "type": 2,
        "map": [
          {
            "key": "script",
            "value": {
              "type": 3,
              "file": 1,
              "line": 278,
              "col": 14,
              "expr": "format('kubectl create secret docker-registry dockerhub-secret `\n  --docker-username={0} `\n  --docker-*** `\n  --docker-email={2} `\n  -n travel-app-namespace --dry-run=client -o yaml | kubectl apply -f -\n', secrets.DOCKERHUB_USERNAME, secrets.DOCKERHUB_TOKEN, secrets.DOCKERHUB_EMAIL)"
            }
          },
          {
            "key": "shell",
            "value": {
              "type": 0,
              "file": 1,
              "line": 277,
              "col": 16,
              "lit": "powershell"
            }
          }
        ]
      },
      "condition": "success()",
      "id": "1b38f2fa-52ea-50f7-9838-f7a6bdd57e53",
      "name": "__run"
    },
    {
      "type": "action",
      "reference": {
        "type": "script"
      },
      "displayNameToken": {
        "type": 0,
        "file": 1,
        "line": 285,
        "col": 15,
        "lit": "Create Google Secrets for Backend"
      },
      "contextName": "__run_2",
      "inputs": {
        "type": 2,
        "map": [
          {
            "key": "script",
            "value": {
              "type": 3,
              "file": 1,
              "line": 287,
              "col": 14,
              "expr": "format('kubectl create secret generic google-secrets `\n  --from-literal=JWT_SECRET={0} `\n  --from-literal=GOOGLE_CLIENT_ID={1} `\n  --from-literal=GOOGLE_CLIENT_SECRET={2} `\n  -n travel-app-namespace --dry-run=client -o yaml | kubectl apply -f -\n', secrets.JWT_SECRET, secrets.GOOGLE_CLIENT_ID, secrets.GOOGLE_CLIENT_SECRET)"
            }
          },
          {
            "key": "shell",
            "value": {
              "type": 0,
              "file": 1,
              "line": 286,
              "col": 16,
              "lit": "powershell"
            }
          }
        ]
      },
      "condition": "success()",
      "id": "58672ea0-caf5-50fe-3716-a9b7ff5776e2",
      "name": "__run_2"
    },
    {
      "type": "action",
      "reference": {
        "type": "script"
      },
      "displayNameToken": {
        "type": 0,
        "file": 1,
        "line": 294,
        "col": 15,
        "lit": "Deploy to Minikube"
      },
      "contextName": "__run_3",
      "inputs": {
        "type": 2,
        "map": [
          {
            "key": "script",
            "value": {
              "type": 0,
              "file": 1,
              "line": 296,
              "col": 14,
              "lit": "\nkubectl create namespace travel-app-namespace --dry-run=client -o yaml | kubectl apply -f -\nkubectl apply -f ./mongodb/ -n travel-app-namespace\nkubectl apply -f ./backend/ -n travel-app-namespace\nkubectl apply -f ./frontend/ -n travel-app-namespace\nkubectl expose deployment frontend-deployment -n travel-app-namespace --type=NodePort --port=80 --name=frontend --dry-run=client -o yaml | kubectl apply -f -\nkubectl expose deployment backend-deployment -n travel-app-namespace --type=NodePort --port=5000 --name=backend --dry-run=client -o yaml | kubectl apply -f -"
            }
          },
          {
            "key": "shell",
            "value": {
              "type": 0,
              "file": 1,
              "line": 295,
              "col": 16,
              "lit": "powershell"
            }
          }
        ]
      },
      "condition": "success()",
      "id": "d47d9811-2301-50a2-c737-0d856c7f1af7",
      "name": "__run_3"
    }
  ],
  "variables": {
    "DOCKERHUB_TOKEN": {
      "value": "***",
      "isSecret": true
    },
    "DOCKERHUB_USERNAME": {
      "value": "***",
      "isSecret": true
    },
    "GOOGLE_CLIENT_ID": {
      "value": "***",
      "isSecret": true
    },
    "GOOGLE_CLIENT_SECRET": {
      "value": "***",
      "isSecret": true
    },
    "system.isScheduled": {
      "value": "False"
    },
    "system.servertype": {
      "value": "Hosted"
    },
    "system.culture": {
      "value": ""
    },
    "system.pipelineStartTime": {
      "value": "2025-05-14 05:38:55+00:00"
    },
    "system.runner.lowdiskspacethreshold": {
      "value": "100"
    },
    "DistributedTask.NewActionMetadata": {
      "value": "true"
    },
    "DistributedTask.EnableCompositeActions": {
      "value": "true"
    },
    "DistributedTask.EnhancedAnnotations": {
      "value": "true"
    },
    "DistributedTask.UploadStepSummary": {
      "value": "true"
    },
    "DistributedTask.ForceGithubJavascriptActionsToNode16": {
      "value": "true"
    },
    "DistributedTask.ForceGithubJavascriptActionsToNode20": {
      "value": "true"
    },
    "DistributedTask.AddWarningToNode12Action": {
      "value": "true"
    },
    "DistributedTask.AddWarningToNode16Action": {
      "value": "true"
    },
    "DistributedTask.LogTemplateErrorsAsDebugMessages": {
      "value": "true"
    },
    "DistributedTask.AllowRunnerContainerHooks": {
      "value": "true"
    },
    "DistributedTask.DeprecateStepOutputCommands": {
      "value": "true"
    },
    "DistributedTask.UseWhich2": {
      "value": "true"
    },
    "DistributedTask.DetailUntarFailure": {
      "value": "true"
    },
    "DistributedTask.UseActionArchiveCache": {
      "value": "true"
    },
    "DistributedTask.EnableJobServerQueueTelemetry": {
      "value": "true"
    },
    "DistributedTask.MarkJobAsFailedOnWorkerCrash": {
      "value": "true"
    },
    "Actions.EnableHttpRedirects": {
      "value": "true"
    },
    "system.teamProjectId": {
      "value": "00000000-0000-0000-0000-000000000000"
    },
    "build.buildId": {
      "value": "63"
    },
    "build.containerId": {
      "value": "29655181"
    },
    "build.allowCreateArtifacts": {
      "value": "False"
    },
    "system.workflowFilePath": {
      "value": ".github/workflows/deploy.yml"
    },
    "system.phaseDisplayName": {
      "value": "build-deploy"
    },
    "system.phaseId": {
      "value": "e27398a7-4d1f-53cc-562e-c6ba0cf9ff01"
    },
    "system.phaseName": {
      "value": "build-deploy"
    },
    "system.phaseAttempt": {
      "value": "1"
    },
    "system.jobIdentifier": {
      "value": "build-deploy.__default"
    },
    "system.jobAttempt": {
      "value": "1"
    },
    "System.JobPositionInPhase": {
      "value": "1"
    },
    "System.TotalJobsInPhase": {
      "value": "1"
    },
    "system.github.job": {
      "value": "build-deploy"
    },
    "system.jobDisplayName": {
      "value": "build-deploy"
    },
    "system.jobId": {
      "value": "2fadb47e-1d34-541b-cb18-f3a121ea6ec1"
    },
    "system.jobName": {
      "value": "__default"
    },
    "system.github.token.permissions": {
      "value": "{\"Contents\":\"read\",\"Metadata\":\"read\",\"Packages\":\"read\"}"
    },
    "system.github.token": {
      "value": "***",
      "isSecret": true
    },
    "github_token": {
      "value": "***",
      "isSecret": true
    },
    "system.github.results_endpoint": {
      "value": "https://results-receiver.actions.githubusercontent.com/"
    },
    "system.github.results_upload_with_sdk": {
      "value": "True"
    },
    "actions_uses_cache_service_v2": {
      "value": "True"
    },
    "system.runnerEnvironment": {
      "value": "self-hosted"
    },
    "system.testDotNet8Compatibility": {
      "value": "true"
    },
    "system.dotNet8CompatibilityOutputLength": {
      "value": "200"
    },
    "system.dotNet8CompatibilityOutputPattern": {
      "value": "GLIBCXX"
    },
    "system.dotNet8CompatibilityWarning": {
      "value": "The Actions runner will no longer support your OS version on November 1, 2024. Please upgrade to a supported version. For information, refer https://github.blog/changelog/2024-08-19-notice-of-upcoming-deprecations-and-breaking-changes-in-github-actions-runners/"
    },
    "system.orchestrationId": {
      "value": "628d4f2d-89e6-4644-a53f-a4bd729de69b.build-deploy.__default"
    },
    "system.runnerGroupName": {
      "value": "Default"
    }
  },
  "messageType": "PipelineAgentJobRequest",
  "plan": {
    "scopeIdentifier": "00000000-0000-0000-0000-000000000000",
    "planType": "Actions",
    "version": 41,
    "planId": "628d4f2d-89e6-4644-a53f-a4bd729de69b",
    "planGroup": "Actions:00000000-0000-0000-0000-000000000000:1",
    "artifactUri": "vstfs:///Build/Build/63",
    "artifactLocation": null,
    "definition": {
      "_links": {},
      "id": 3,
      "name": "Travel-TO-Pakistan-Tour"
    },
    "owner": {
      "_links": {},
      "id": 3,
      "name": "***-2706"
    }
  },
  "timeline": {
    "id": "628d4f2d-89e6-4644-a53f-a4bd729de69b",
    "changeId": 0,
    "location": null
  },
  "jobId": "2fadb47e-1d34-541b-cb18-f3a121ea6ec1",
  "jobDisplayName": "build-deploy",
  "jobName": "__default",
  "requestId": 63,
  "lockedUntil": "0001-01-01T00:00:00",
  "resources": {
    "endpoints": [
      {
        "data": {
          "ServerId": "96048f9b-6511-4efd-9f37-5ef9b29d7752",
          "ServerName": "YtDrhldJpOQaubzGAtuX6RbdlVDFMWtjBQ53C9kKzlGhawB59z",
          "CacheServerUrl": "https://acghubeus1.actions.githubusercontent.com/YtDrhldJpOQaubzGAtuX6RbdlVDFMWtjBQ53C9kKzlGhawB59z/",
          "FeedStreamUrl": "https://results-receiver.actions.githubusercontent.com/_ws/ingest.sock",
          "ResultsServiceUrl": "https://results-receiver.actions.githubusercontent.com/",
          "ConnectivityChecks": "[\"https://acghubeus0.actions.githubusercontent.com/_apis/health\",\"https://results-receiver.actions.githubusercontent.com/health\",\"https://pkg.actions.githubusercontent.com/health\",\"https://actions-results-receiver-production.githubapp.com/health\",\"https://run-actions-2-azure-eastus.actions.githubusercontent.com/12/health\",\"https://pipelinesghubeus11.actions.githubusercontent.com/_apis/health\"]"
        },
        "name": "SystemVssConnection",
        "url": "https://pipelinesghubeus11.actions.githubusercontent.com/YtDrhldJpOQaubzGAtuX6RbdlVDFMWtjBQ53C9kKzlGhawB59z/",
        "authorization": {
          "parameters": {
            "AccessToken": ***
          },
          "scheme": "OAuth"
        },
        "isShared": false,
        "isReady": true
      }
    ]
  },
  "contextData": {
    "github": {
      "t": 2,
      "d": [
        {
          "k": "ref",
          "v": "refs/heads/master"
        },
        {
          "k": "sha",
          "v": "9128c560f26a445bedcbdef8fd8e1f6418ae7f3d"
        },
        {
          "k": "repository",
          "v": "***-2706/Travel-TO-Pakistan-Tour"
        },
        {
          "k": "repository_owner",
          "v": "***-2706"
        },
        {
          "k": "repository_owner_id",
          "v": "129047380"
        },
        {
          "k": "repositoryUrl",
          "v": "git://github.com/***-2706/Travel-TO-Pakistan-Tour.git"
        },
        {
          "k": "run_id",
          "v": "15013119151"
        },
        {
          "k": "run_number",
          "v": "65"
        },
        {
          "k": "retention_days",
          "v": "90"
        },
        {
          "k": "run_attempt",
          "v": "1"
        },
        {
          "k": "artifact_cache_size_limit",
          "v": "10"
        },
        {
          "k": "repository_visibility",
          "v": "public"
        },
        {
          "k": "repo-self-hosted-runners-disabled",
          "v": false
        },
        {
          "k": "enterprise-managed-business-id",
          "v": ""
        },
        {
          "k": "repository_id",
          "v": "982464313"
        },
        {
          "k": "actor_id",
          "v": "129047380"
        },
        {
          "k": "actor",
          "v": "***-2706"
        },
        {
          "k": "triggering_actor",
          "v": "***-2706"
        },
        {
          "k": "workflow",
          "v": "Build and Deploy to Minikube"
        },
        {
          "k": "head_ref",
          "v": ""
        },
        {
          "k": "base_ref",
          "v": ""
        },
        {
          "k": "event_name",
          "v": "push"
        },
        {
          "k": "event",
          "v": {
            "t": 2,
            "d": [
              {
                "k": "after",
                "v": "9128c560f26a445bedcbdef8fd8e1f6418ae7f3d"
              },
              {
                "k": "base_ref",
                "v": null
              },
              {
                "k": "before",
                "v": "7aeec511708c9201403f510eeabca786fb1c6481"
              },
              {
                "k": "commits",
                "v": {
                  "t": 1,
                  "a": [
                    {
                      "t": 2,
                      "d": [
                        {
                          "k": "author",
                          "v": {
                            "t": 2,
                            "d": [
                              {
                                "k": "email",
                                "v": "***@gmail.com"
                              },
                              {
                                "k": "name",
                                "v": "***"
                              }
                            ]
                          }
                        },
                        {
                          "k": "committer",
                          "v": {
                            "t": 2,
                            "d": [
                              {
                                "k": "email",
                                "v": "***@gmail.com"
                              },
                              {
                                "k": "name",
                                "v": "***"
                              }
                            ]
                          }
                        },
                        {
                          "k": "distinct",
                          "v": true
                        },
                        {
                          "k": "id",
                          "v": "9128c560f26a445bedcbdef8fd8e1f6418ae7f3d"
                        },
                        {
                          "k": "message",
                          "v": "28"
                        },
                        {
                          "k": "timestamp",
                          "v": "2025-05-14T10:38:44+05:00"
                        },
                        {
                          "k": "tree_id",
                          "v": "20d771c562f510a91e9cf63b63e308958c7960e9"
                        },
                        {
                          "k": "url",
                          "v": "https://github.com/***-2706/Travel-TO-Pakistan-Tour/commit/9128c560f26a445bedcbdef8fd8e1f6418ae7f3d"
                        }
                      ]
                    }
                  ]
                }
              },
              {
                "k": "compare",
                "v": "https://github.com/***-2706/Travel-TO-Pakistan-Tour/compare/7aeec511708c...9128c560f26a"
              },
              {
                "k": "created",
                "v": false
              },
              {
                "k": "deleted",
                "v": false
              },
              {
                "k": "forced",
                "v": false
              },
              {
                "k": "head_commit",
                "v": {
                  "t": 2,
                  "d": [
                    {
                      "k": "author",
                      "v": {
                        "t": 2,
                        "d": [
                          {
                            "k": "email",
                            "v": "***@gmail.com"
                          },
                          {
                            "k": "name",
                            "v": "***"
                          }
                        ]
                      }
                    },
                    {
                      "k": "committer",
                      "v": {
                        "t": 2,
                        "d": [
                          {
                            "k": "email",
                            "v": "***@gmail.com"
                          },
                          {
                            "k": "name",
                            "v": "***"
                          }
                        ]
                      }
                    },
                    {
                      "k": "distinct",
                      "v": true
                    },
                    {
                      "k": "id",
                      "v": "9128c560f26a445bedcbdef8fd8e1f6418ae7f3d"
                    },
                    {
                      "k": "message",
                      "v": "28"
                    },
                    {
                      "k": "timestamp",
                      "v": "2025-05-14T10:38:44+05:00"
                    },
                    {
                      "k": "tree_id",
                      "v": "20d771c562f510a91e9cf63b63e308958c7960e9"
                    },
                    {
                      "k": "url",
                      "v": "https://github.com/***-2706/Travel-TO-Pakistan-Tour/commit/9128c560f26a445bedcbdef8fd8e1f6418ae7f3d"
                    }
                  ]
                }
              },
              {
                "k": "pusher",
                "v": {
                  "t": 2,
                  "d": [
                    {
                      "k": "email",
                      "v": "129047380+***-2706@users.noreply.github.com"
                    },
                    {
                      "k": "name",
                      "v": "***-2706"
                    }
                  ]
                }
              },
              {
                "k": "ref",
                "v": "refs/heads/master"
              },
              {
                "k": "repository",
                "v": {
                  "t": 2,
                  "d": [
                    {
                      "k": "allow_forking",
                      "v": true
                    },
                    {
                      "k": "archive_url",
                      "v": "https://api.github.com/repos/***-2706/Travel-TO-Pakistan-Tour/{archive_format}{/ref}"
                    },
                    {
                      "k": "archived",
                      "v": false
                    },
                    {
                      "k": "assignees_url",
                      "v": "https://api.github.com/repos/***-2706/Travel-TO-Pakistan-Tour/assignees{/user}"
                    },
                    {
                      "k": "blobs_url",
                      "v": "https://api.github.com/repos/***-2706/Travel-TO-Pakistan-Tour/git/blobs{/sha}"
                    },
                    {
                      "k": "branches_url",
                      "v": "https://api.github.com/repos/***-2706/Travel-TO-Pakistan-Tour/branches{/branch}"
                    },
                    {
                      "k": "clone_url",
                      "v": "https://github.com/***-2706/Travel-TO-Pakistan-Tour.git"
                    },
                    {
                      "k": "collaborators_url",
                      "v": "https://api.github.com/repos/***-2706/Travel-TO-Pakistan-Tour/collaborators{/collaborator}"
                    },
                    {
                      "k": "comments_url",
                      "v": "https://api.github.com/repos/***-2706/Travel-TO-Pakistan-Tour/comments{/number}"
                    },
                    {
                      "k": "commits_url",
                      "v": "https://api.github.com/repos/***-2706/Travel-TO-Pakistan-Tour/commits{/sha}"
                    },
                    {
                      "k": "compare_url",
                      "v": "https://api.github.com/repos/***-2706/Travel-TO-Pakistan-Tour/compare/{base}...{head}"
                    },
                    {
                      "k": "contents_url",
                      "v": "https://api.github.com/repos/***-2706/Travel-TO-Pakistan-Tour/contents/{+path}"
                    },
                    {
                      "k": "contributors_url",
                      "v": "https://api.github.com/repos/***-2706/Travel-TO-Pakistan-Tour/contributors"
                    },
                    {
                      "k": "created_at",
                      "v": 1747093090.0
                    },
                    {
                      "k": "default_branch",
                      "v": "master"
                    },
                    {
                      "k": "deployments_url",
                      "v": "https://api.github.com/repos/***-2706/Travel-TO-Pakistan-Tour/deployments"
                    },
                    {
                      "k": "description",
                      "v": null
                    },
                    {
                      "k": "disabled",
                      "v": false
                    },
                    {
                      "k": "downloads_url",
                      "v": "https://api.github.com/repos/***-2706/Travel-TO-Pakistan-Tour/downloads"
                    },
                    {
                      "k": "events_url",
                      "v": "https://api.github.com/repos/***-2706/Travel-TO-Pakistan-Tour/events"
                    },
                    {
                      "k": "fork",
                      "v": false
                    },
                    {
                      "k": "forks",
                      "v": 0.0
                    },
                    {
                      "k": "forks_count",
                      "v": 0.0
                    },
                    {
                      "k": "forks_url",
                      "v": "https://api.github.com/repos/***-2706/Travel-TO-Pakistan-Tour/forks"
                    },
                    {
                      "k": "full_name",
                      "v": "***-2706/Travel-TO-Pakistan-Tour"
                    },
                    {
                      "k": "git_commits_url",
                      "v": "https://api.github.com/repos/***-2706/Travel-TO-Pakistan-Tour/git/commits{/sha}"
                    },
                    {
                      "k": "git_refs_url",
                      "v": "https://api.github.com/repos/***-2706/Travel-TO-Pakistan-Tour/git/refs{/sha}"
                    },
                    {
                      "k": "git_tags_url",
                      "v": "https://api.github.com/repos/***-2706/Travel-TO-Pakistan-Tour/git/tags{/sha}"
                    },
                    {
                      "k": "git_url",
                      "v": "git://github.com/***-2706/Travel-TO-Pakistan-Tour.git"
                    },
                    {
                      "k": "has_discussions",
                      "v": false
                    },
                    {
                      "k": "has_downloads",
                      "v": true
                    },
                    {
                      "k": "has_issues",
                      "v": true
                    },
                    {
                      "k": "has_pages",
                      "v": false
                    },
                    {
                      "k": "has_projects",
                      "v": true
                    },
                    {
                      "k": "has_wiki",
                      "v": true
                    },
                    {
                      "k": "homepage",
                      "v": null
                    },
                    {
                      "k": "hooks_url",
                      "v": "https://api.github.com/repos/***-2706/Travel-TO-Pakistan-Tour/hooks"
                    },
                    {
                      "k": "html_url",
                      "v": "https://github.com/***-2706/Travel-TO-Pakistan-Tour"
                    },
                    {
                      "k": "id",
                      "v": 982464313.0
                    },
                    {
                      "k": "is_template",
                      "v": false
                    },
                    {
                      "k": "issue_comment_url",
                      "v": "https://api.github.com/repos/***-2706/Travel-TO-Pakistan-Tour/issues/comments{/number}"
                    },
                    {
                      "k": "issue_events_url",
                      "v": "https://api.github.com/repos/***-2706/Travel-TO-Pakistan-Tour/issues/events{/number}"
                    },
                    {
                      "k": "issues_url",
                      "v": "https://api.github.com/repos/***-2706/Travel-TO-Pakistan-Tour/issues{/number}"
                    },
                    {
                      "k": "keys_url",
                      "v": "https://api.github.com/repos/***-2706/Travel-TO-Pakistan-Tour/keys{/key_id}"
                    },
                    {
                      "k": "labels_url",
                      "v": "https://api.github.com/repos/***-2706/Travel-TO-Pakistan-Tour/labels{/name}"
                    },
                    {
                      "k": "language",
                      "v": "JavaScript"
                    },
                    {
                      "k": "languages_url",
                      "v": "https://api.github.com/repos/***-2706/Travel-TO-Pakistan-Tour/languages"
                    },
                    {
                      "k": "license",
                      "v": null
                    },
                    {
                      "k": "master_branch",
                      "v": "master"
                    },
                    {
                      "k": "merges_url",
                      "v": "https://api.github.com/repos/***-2706/Travel-TO-Pakistan-Tour/merges"
                    },
                    {
                      "k": "milestones_url",
                      "v": "https://api.github.com/repos/***-2706/Travel-TO-Pakistan-Tour/milestones{/number}"
                    },
                    {
                      "k": "mirror_url",
                      "v": null
                    },
                    {
                      "k": "name",
                      "v": "Travel-TO-Pakistan-Tour"
                    },
                    {
                      "k": "node_id",
                      "v": "R_kgDOOo83OQ"
                    },
                    {
                      "k": "notifications_url",
                      "v": "https://api.github.com/repos/***-2706/Travel-TO-Pakistan-Tour/notifications{?since,all,participating}"
                    },
                    {
                      "k": "open_issues",
                      "v": 0.0
                    },
                    {
                      "k": "open_issues_count",
                      "v": 0.0
                    },
                    {
                      "k": "owner",
                      "v": {
                        "t": 2,
                        "d": [
                          {
                            "k": "avatar_url",
                            "v": "https://avatars.githubusercontent.com/u/129047380?v=4"
                          },
                          {
                            "k": "email",
                            "v": "129047380+***-2706@users.noreply.github.com"
                          },
                          {
                            "k": "events_url",
                            "v": "https://api.github.com/users/***-2706/events{/privacy}"
                          },
                          {
                            "k": "followers_url",
                            "v": "https://api.github.com/users/***-2706/followers"
                          },
                          {
                            "k": "following_url",
                            "v": "https://api.github.com/users/***-2706/following{/other_user}"
                          },
                          {
                            "k": "gists_url",
                            "v": "https://api.github.com/users/***-2706/gists{/gist_id}"
                          },
                          {
                            "k": "gravatar_id",
                            "v": ""
                          },
                          {
                            "k": "html_url",
                            "v": "https://github.com/***-2706"
                          },
                          {
                            "k": "id",
                            "v": 129047380.0
                          },
                          {
                            "k": "login",
                            "v": "***-2706"
                          },
                          {
                            "k": "name",
                            "v": "***-2706"
                          },
                          {
                            "k": "node_id",
                            "v": "U_kgDOB7EbVA"
                          },
                          {
                            "k": "organizations_url",
                            "v": "https://api.github.com/users/***-2706/orgs"
                          },
                          {
                            "k": "received_events_url",
                            "v": "https://api.github.com/users/***-2706/received_events"
                          },
                          {
                            "k": "repos_url",
                            "v": "https://api.github.com/users/***-2706/repos"
                          },
                          {
                            "k": "site_admin",
                            "v": false
                          },
                          {
                            "k": "starred_url",
                            "v": "https://api.github.com/users/***-2706/starred{/owner}{/repo}"
                          },
                          {
                            "k": "subscriptions_url",
                            "v": "https://api.github.com/users/***-2706/subscriptions"
                          },
                          {
                            "k": "type",
                            "v": "User"
                          },
                          {
                            "k": "url",
                            "v": "https://api.github.com/users/***-2706"
                          },
                          {
                            "k": "user_view_type",
                            "v": "public"
                          }
                        ]
                      }
                    },
                    {
                      "k": "private",
                      "v": false
                    },
                    {
                      "k": "pulls_url",
                      "v": "https://api.github.com/repos/***-2706/Travel-TO-Pakistan-Tour/pulls{/number}"
                    },
                    {
                      "k": "pushed_at",
                      "v": 1747201132.0
                    },
                    {
                      "k": "releases_url",
                      "v": "https://api.github.com/repos/***-2706/Travel-TO-Pakistan-Tour/releases{/id}"
                    },
                    {
                      "k": "size",
                      "v": 129686.0
                    },
                    {
                      "k": "ssh_url",
                      "v": "git@github.com:***-2706/Travel-TO-Pakistan-Tour.git"
                    },
                    {
                      "k": "stargazers",
                      "v": 0.0
                    },
                    {
                      "k": "stargazers_count",
                      "v": 0.0
                    },
                    {
                      "k": "stargazers_url",
                      "v": "https://api.github.com/repos/***-2706/Travel-TO-Pakistan-Tour/stargazers"
                    },
                    {
                      "k": "statuses_url",
                      "v": "https://api.github.com/repos/***-2706/Travel-TO-Pakistan-Tour/statuses/{sha}"
                    },
                    {
                      "k": "subscribers_url",
                      "v": "https://api.github.com/repos/***-2706/Travel-TO-Pakistan-Tour/subscribers"
                    },
                    {
                      "k": "subscription_url",
                      "v": "https://api.github.com/repos/***-2706/Travel-TO-Pakistan-Tour/subscription"
                    },
                    {
                      "k": "svn_url",
                      "v": "https://github.com/***-2706/Travel-TO-Pakistan-Tour"
                    },
                    {
                      "k": "tags_url",
                      "v": "https://api.github.com/repos/***-2706/Travel-TO-Pakistan-Tour/tags"
                    },
                    {
                      "k": "teams_url",
                      "v": "https://api.github.com/repos/***-2706/Travel-TO-Pakistan-Tour/teams"
                    },
                    {
                      "k": "topics",
                      "v": {
                        "t": 1
                      }
                    },
                    {
                      "k": "trees_url",
                      "v": "https://api.github.com/repos/***-2706/Travel-TO-Pakistan-Tour/git/trees{/sha}"
                    },
                    {
                      "k": "updated_at",
                      "v": "2025-05-14T05:29:58Z"
                    },
                    {
                      "k": "url",
                      "v": "https://api.github.com/repos/***-2706/Travel-TO-Pakistan-Tour"
                    },
                    {
                      "k": "visibility",
                      "v": "public"
                    },
                    {
                      "k": "watchers",
                      "v": 0.0
                    },
                    {
                      "k": "watchers_count",
                      "v": 0.0
                    },
                    {
                      "k": "web_commit_signoff_required",
                      "v": false
                    }
                  ]
                }
              },
              {
                "k": "sender",
                "v": {
                  "t": 2,
                  "d": [
                    {
                      "k": "avatar_url",
                      "v": "https://avatars.githubusercontent.com/u/129047380?v=4"
                    },
                    {
                      "k": "events_url",
                      "v": "https://api.github.com/users/***-2706/events{/privacy}"
                    },
                    {
                      "k": "followers_url",
                      "v": "https://api.github.com/users/***-2706/followers"
                    },
                    {
                      "k": "following_url",
                      "v": "https://api.github.com/users/***-2706/following{/other_user}"
                    },
                    {
                      "k": "gists_url",
                      "v": "https://api.github.com/users/***-2706/gists{/gist_id}"
                    },
                    {
                      "k": "gravatar_id",
                      "v": ""
                    },
                    {
                      "k": "html_url",
                      "v": "https://github.com/***-2706"
                    },
                    {
                      "k": "id",
                      "v": 129047380.0
                    },
                    {
                      "k": "login",
                      "v": "***-2706"
                    },
                    {
                      "k": "node_id",
                      "v": "U_kgDOB7EbVA"
                    },
                    {
                      "k": "organizations_url",
                      "v": "https://api.github.com/users/***-2706/orgs"
                    },
                    {
                      "k": "received_events_url",
                      "v": "https://api.github.com/users/***-2706/received_events"
                    },
                    {
                      "k": "repos_url",
                      "v": "https://api.github.com/users/***-2706/repos"
                    },
                    {
                      "k": "site_admin",
                      "v": false
                    },
                    {
                      "k": "starred_url",
                      "v": "https://api.github.com/users/***-2706/starred{/owner}{/repo}"
                    },
                    {
                      "k": "subscriptions_url",
                      "v": "https://api.github.com/users/***-2706/subscriptions"
                    },
                    {
                      "k": "type",
                      "v": "User"
                    },
                    {
                      "k": "url",
                      "v": "https://api.github.com/users/***-2706"
                    },
                    {
                      "k": "user_view_type",
                      "v": "public"
                    }
                  ]
                }
              }
            ]
          }
        },
        {
          "k": "server_url",
          "v": "https://github.com"
        },
        {
          "k": "api_url",
          "v": "https://api.github.com"
        },
        {
          "k": "graphql_url",
          "v": "https://api.github.com/graphql"
        },
        {
          "k": "ref_name",
          "v": "master"
        },
        {
          "k": "ref_protected",
          "v": false
        },
        {
          "k": "ref_type",
          "v": "branch"
        },
        {
          "k": "secret_source",
          "v": "Actions"
        },
        {
          "k": "workflow_ref",
          "v": "***-2706/Travel-TO-Pakistan-Tour/.github/workflows/deploy.yml@refs/heads/master"
        },
        {
          "k": "workflow_sha",
          "v": "9128c560f26a445bedcbdef8fd8e1f6418ae7f3d"
        }
      ]
    },
    "run-feature-flags": {
      "t": 2,
      "d": [
        {
          "k": "actions_stream_logs_via_results_service",
          "v": true
        },
        {
          "k": "actions_use_results_service",
          "v": true
        },
        {
          "k": "actions_uses_cache_service_v2",
          "v": true
        },
        {
          "k": "block_artifacts_v3_exempted",
          "v": false
        },
        {
          "k": "larger_runners_custom_image_generation",
          "v": false
        }
      ]
    },
    "partialrerun": false,
    "needs": {
      "t": 2
    },
    "vars": null,
    "inputs": {
      "t": 2
    },
    "matrix": null,
    "strategy": {
      "t": 2,
      "d": [
        {
          "k": "fail-fast",
          "v": true
        },
        {
          "k": "job-index",
          "v": 0.0
        },
        {
          "k": "job-total",
          "v": 1.0
        },
        {
          "k": "max-parallel",
          "v": 1.0
        }
      ]
    },
    "EndpointsOverride": null
  }
}
[2025-05-14 05:38:59Z INFO JobRunner] Job ID 2fadb47e-1d34-541b-cb18-f3a121ea6ec1
[2025-05-14 05:38:59Z INFO ConfigurationStore] currentAssemblyLocation: C:\Users\MOAWIZ\Desktop\travel-to-pakistan\actions-runner\bin\Runner.Worker.dll
[2025-05-14 05:38:59Z INFO HostContext] Well known directory 'Bin': 'C:\Users\MOAWIZ\Desktop\travel-to-pakistan\actions-runner\bin'
[2025-05-14 05:38:59Z INFO ConfigurationStore] binPath: C:\Users\MOAWIZ\Desktop\travel-to-pakistan\actions-runner\bin
[2025-05-14 05:38:59Z INFO HostContext] Well known directory 'Bin': 'C:\Users\MOAWIZ\Desktop\travel-to-pakistan\actions-runner\bin'
[2025-05-14 05:38:59Z INFO HostContext] Well known directory 'Root': 'C:\Users\MOAWIZ\Desktop\travel-to-pakistan\actions-runner'
[2025-05-14 05:38:59Z INFO ConfigurationStore] RootFolder: C:\Users\MOAWIZ\Desktop\travel-to-pakistan\actions-runner
[2025-05-14 05:38:59Z INFO HostContext] Well known directory 'Bin': 'C:\Users\MOAWIZ\Desktop\travel-to-pakistan\actions-runner\bin'
[2025-05-14 05:38:59Z INFO HostContext] Well known directory 'Root': 'C:\Users\MOAWIZ\Desktop\travel-to-pakistan\actions-runner'
[2025-05-14 05:38:59Z INFO HostContext] Well known config file 'Runner': 'C:\Users\MOAWIZ\Desktop\travel-to-pakistan\actions-runner\.runner'
[2025-05-14 05:38:59Z INFO ConfigurationStore] ConfigFilePath: C:\Users\MOAWIZ\Desktop\travel-to-pakistan\actions-runner\.runner
[2025-05-14 05:38:59Z INFO HostContext] Well known directory 'Bin': 'C:\Users\MOAWIZ\Desktop\travel-to-pakistan\actions-runner\bin'
[2025-05-14 05:38:59Z INFO HostContext] Well known directory 'Root': 'C:\Users\MOAWIZ\Desktop\travel-to-pakistan\actions-runner'
[2025-05-14 05:38:59Z INFO HostContext] Well known config file 'MigratedRunner': 'C:\Users\MOAWIZ\Desktop\travel-to-pakistan\actions-runner\.runner_migrated'
[2025-05-14 05:38:59Z INFO ConfigurationStore] MigratedConfigFilePath: C:\Users\MOAWIZ\Desktop\travel-to-pakistan\actions-runner\.runner_migrated
[2025-05-14 05:38:59Z INFO HostContext] Well known directory 'Bin': 'C:\Users\MOAWIZ\Desktop\travel-to-pakistan\actions-runner\bin'
[2025-05-14 05:38:59Z INFO HostContext] Well known directory 'Root': 'C:\Users\MOAWIZ\Desktop\travel-to-pakistan\actions-runner'
[2025-05-14 05:38:59Z INFO HostContext] Well known config file 'Credentials': 'C:\Users\MOAWIZ\Desktop\travel-to-pakistan\actions-runner\.credentials'
[2025-05-14 05:38:59Z INFO ConfigurationStore] CredFilePath: C:\Users\MOAWIZ\Desktop\travel-to-pakistan\actions-runner\.credentials
[2025-05-14 05:38:59Z INFO HostContext] Well known directory 'Bin': 'C:\Users\MOAWIZ\Desktop\travel-to-pakistan\actions-runner\bin'
[2025-05-14 05:38:59Z INFO HostContext] Well known directory 'Root': 'C:\Users\MOAWIZ\Desktop\travel-to-pakistan\actions-runner'
[2025-05-14 05:38:59Z INFO HostContext] Well known config file 'MigratedCredentials': 'C:\Users\MOAWIZ\Desktop\travel-to-pakistan\actions-runner\.credentials_migrated'
[2025-05-14 05:38:59Z INFO ConfigurationStore] MigratedCredFilePath: C:\Users\MOAWIZ\Desktop\travel-to-pakistan\actions-runner\.credentials_migrated
[2025-05-14 05:38:59Z INFO HostContext] Well known directory 'Bin': 'C:\Users\MOAWIZ\Desktop\travel-to-pakistan\actions-runner\bin'
[2025-05-14 05:38:59Z INFO HostContext] Well known directory 'Root': 'C:\Users\MOAWIZ\Desktop\travel-to-pakistan\actions-runner'
[2025-05-14 05:38:59Z INFO HostContext] Well known config file 'Service': 'C:\Users\MOAWIZ\Desktop\travel-to-pakistan\actions-runner\.service'
[2025-05-14 05:38:59Z INFO ConfigurationStore] ServiceConfigFilePath: C:\Users\MOAWIZ\Desktop\travel-to-pakistan\actions-runner\.service
[2025-05-14 05:38:59Z INFO ConfigurationStore] Read setting file: 325 chars
[2025-05-14 05:38:59Z INFO JobRunner] Creating job server with URL: https://pipelinesghubeus11.actions.githubusercontent.com/YtDrhldJpOQaubzGAtuX6RbdlVDFMWtjBQ53C9kKzlGhawB59z/
[2025-05-14 05:38:59Z INFO GitHubActionsService] Starting operation Location.GetConnectionData
[2025-05-14 05:38:59Z INFO Worker] Listening for cancel message from the channel.
[2025-05-14 05:38:59Z INFO Worker] Waiting for the job to complete or for a cancel message from the channel.
[2025-05-14 05:39:01Z INFO GitHubActionsService] Finished operation Location.GetConnectionData
[2025-05-14 05:39:01Z INFO JobServer] Creating websocket client ...wss://results-receiver.actions.githubusercontent.com/_ws/ingest.sock
[2025-05-14 05:39:01Z INFO JobServer] Attempting to start websocket client with delay 00:00:00.
[2025-05-14 05:39:01Z INFO JobServerQueue] Initializing results client
[2025-05-14 05:39:01Z INFO JobServerQueue] Start process web console line queue.
[2025-05-14 05:39:01Z INFO JobServerQueue] Start process file upload queue.
[2025-05-14 05:39:01Z INFO JobServerQueue] Start results file upload queue.
[2025-05-14 05:39:01Z INFO JobServerQueue] Starting results-based upload queue...
[2025-05-14 05:39:01Z INFO JobServerQueue] Start process timeline update queue.
[2025-05-14 05:39:01Z INFO ExecutionContext] Initialize GitHub context
[2025-05-14 05:39:01Z INFO ExecutionContext] Initialize Env context
[2025-05-14 05:39:01Z INFO HostContext] Well known directory 'Bin': 'C:\Users\MOAWIZ\Desktop\travel-to-pakistan\actions-runner\bin'
[2025-05-14 05:39:01Z INFO HostContext] Well known directory 'Root': 'C:\Users\MOAWIZ\Desktop\travel-to-pakistan\actions-runner'
[2025-05-14 05:39:01Z INFO HostContext] Well known directory 'Diag': 'C:\Users\MOAWIZ\Desktop\travel-to-pakistan\actions-runner\_diag'
[2025-05-14 05:39:01Z INFO HostContext] Well known directory 'Bin': 'C:\Users\MOAWIZ\Desktop\travel-to-pakistan\actions-runner\bin'
[2025-05-14 05:39:01Z INFO HostContext] Well known directory 'Root': 'C:\Users\MOAWIZ\Desktop\travel-to-pakistan\actions-runner'
[2025-05-14 05:39:01Z INFO HostContext] Well known directory 'Diag': 'C:\Users\MOAWIZ\Desktop\travel-to-pakistan\actions-runner\_diag'
[2025-05-14 05:39:01Z INFO JobRunner] Starting the job execution context.
[2025-05-14 05:39:01Z INFO HostContext] Well known directory 'Bin': 'C:\Users\MOAWIZ\Desktop\travel-to-pakistan\actions-runner\bin'
[2025-05-14 05:39:01Z INFO HostContext] Well known directory 'Root': 'C:\Users\MOAWIZ\Desktop\travel-to-pakistan\actions-runner'
[2025-05-14 05:39:01Z INFO HostContext] Well known directory 'Work': 'C:\Users\MOAWIZ\Desktop\travel-to-pakistan\actions-runner\_work'
[2025-05-14 05:39:01Z INFO JobRunner] Validating directory permissions for: 'C:\Users\MOAWIZ\Desktop\travel-to-pakistan\actions-runner\_work'
[2025-05-14 05:39:01Z INFO HostContext] Well known directory 'Bin': 'C:\Users\MOAWIZ\Desktop\travel-to-pakistan\actions-runner\bin'
[2025-05-14 05:39:01Z INFO HostContext] Well known directory 'Root': 'C:\Users\MOAWIZ\Desktop\travel-to-pakistan\actions-runner'
[2025-05-14 05:39:01Z INFO HostContext] Well known directory 'Work': 'C:\Users\MOAWIZ\Desktop\travel-to-pakistan\actions-runner\_work'
[2025-05-14 05:39:01Z INFO HostContext] Well known directory 'Tools': 'C:\Users\MOAWIZ\Desktop\travel-to-pakistan\actions-runner\_work\_tool'
[2025-05-14 05:39:01Z INFO HostContext] Well known directory 'Bin': 'C:\Users\MOAWIZ\Desktop\travel-to-pakistan\actions-runner\bin'
[2025-05-14 05:39:01Z INFO HostContext] Well known directory 'Root': 'C:\Users\MOAWIZ\Desktop\travel-to-pakistan\actions-runner'
[2025-05-14 05:39:01Z INFO HostContext] Well known directory 'Work': 'C:\Users\MOAWIZ\Desktop\travel-to-pakistan\actions-runner\_work'
[2025-05-14 05:39:01Z INFO HostContext] Well known directory 'Temp': 'C:\Users\MOAWIZ\Desktop\travel-to-pakistan\actions-runner\_work\_temp'
[2025-05-14 05:39:01Z INFO JobRunner] Getting job extension.
[2025-05-14 05:39:01Z INFO JobRunner] Initialize job. Getting all job steps.
[2025-05-14 05:39:01Z INFO HostContext] Well known directory 'Bin': 'C:\Users\MOAWIZ\Desktop\travel-to-pakistan\actions-runner\bin'
[2025-05-14 05:39:01Z INFO HostContext] Well known directory 'Root': 'C:\Users\MOAWIZ\Desktop\travel-to-pakistan\actions-runner'
[2025-05-14 05:39:01Z INFO HostContext] Well known directory 'Diag': 'C:\Users\MOAWIZ\Desktop\travel-to-pakistan\actions-runner\_diag'
[2025-05-14 05:39:01Z INFO HostContext] Well known directory 'Bin': 'C:\Users\MOAWIZ\Desktop\travel-to-pakistan\actions-runner\bin'
[2025-05-14 05:39:01Z INFO HostContext] Well known directory 'Root': 'C:\Users\MOAWIZ\Desktop\travel-to-pakistan\actions-runner'
[2025-05-14 05:39:01Z INFO HostContext] Well known directory 'Diag': 'C:\Users\MOAWIZ\Desktop\travel-to-pakistan\actions-runner\_diag'
[2025-05-14 05:39:01Z INFO HostContext] Well known directory 'Bin': 'C:\Users\MOAWIZ\Desktop\travel-to-pakistan\actions-runner\bin'
[2025-05-14 05:39:01Z INFO HostContext] Well known directory 'Root': 'C:\Users\MOAWIZ\Desktop\travel-to-pakistan\actions-runner'
[2025-05-14 05:39:01Z INFO HostContext] Well known config file 'Credentials': 'C:\Users\MOAWIZ\Desktop\travel-to-pakistan\actions-runner\.credentials'
[2025-05-14 05:39:01Z INFO HostContext] Well known directory 'Bin': 'C:\Users\MOAWIZ\Desktop\travel-to-pakistan\actions-runner\bin'
[2025-05-14 05:39:01Z INFO HostContext] Well known directory 'Root': 'C:\Users\MOAWIZ\Desktop\travel-to-pakistan\actions-runner'
[2025-05-14 05:39:01Z INFO HostContext] Well known config file 'SetupInfo': 'C:\Users\MOAWIZ\Desktop\travel-to-pakistan\actions-runner\.setup_info'
[2025-05-14 05:39:01Z INFO HostContext] Well known directory 'Bin': 'C:\Users\MOAWIZ\Desktop\travel-to-pakistan\actions-runner\bin'
[2025-05-14 05:39:01Z INFO HostContext] Well known directory 'Root': 'C:\Users\MOAWIZ\Desktop\travel-to-pakistan\actions-runner'
[2025-05-14 05:39:01Z INFO HostContext] Well known directory 'Work': 'C:\Users\MOAWIZ\Desktop\travel-to-pakistan\actions-runner\_work'
[2025-05-14 05:39:01Z INFO PipelineDirectoryManager] Loading tracking config if exists: C:\Users\MOAWIZ\Desktop\travel-to-pakistan\actions-runner\_work\_PipelineMapping\***-2706/Travel-TO-Pakistan-Tour\PipelineFolder.json
[2025-05-14 05:39:01Z INFO PipelineDirectoryManager] Updating job run properties.
[2025-05-14 05:39:01Z INFO HostContext] Well known directory 'Bin': 'C:\Users\MOAWIZ\Desktop\travel-to-pakistan\actions-runner\bin'
[2025-05-14 05:39:01Z INFO HostContext] Well known directory 'Root': 'C:\Users\MOAWIZ\Desktop\travel-to-pakistan\actions-runner'
[2025-05-14 05:39:01Z INFO HostContext] Well known directory 'Work': 'C:\Users\MOAWIZ\Desktop\travel-to-pakistan\actions-runner\_work'
[2025-05-14 05:39:01Z INFO HostContext] Well known directory 'Bin': 'C:\Users\MOAWIZ\Desktop\travel-to-pakistan\actions-runner\bin'
[2025-05-14 05:39:01Z INFO HostContext] Well known directory 'Root': 'C:\Users\MOAWIZ\Desktop\travel-to-pakistan\actions-runner'
[2025-05-14 05:39:01Z INFO HostContext] Well known directory 'Work': 'C:\Users\MOAWIZ\Desktop\travel-to-pakistan\actions-runner\_work'
[2025-05-14 05:39:01Z INFO HostContext] Well known directory 'Bin': 'C:\Users\MOAWIZ\Desktop\travel-to-pakistan\actions-runner\bin'
[2025-05-14 05:39:01Z INFO HostContext] Well known directory 'Root': 'C:\Users\MOAWIZ\Desktop\travel-to-pakistan\actions-runner'
[2025-05-14 05:39:01Z INFO HostContext] Well known directory 'Work': 'C:\Users\MOAWIZ\Desktop\travel-to-pakistan\actions-runner\_work'
[2025-05-14 05:39:01Z INFO JobExtension] Downloading actions
[2025-05-14 05:39:01Z INFO HostContext] Well known directory 'Bin': 'C:\Users\MOAWIZ\Desktop\travel-to-pakistan\actions-runner\bin'
[2025-05-14 05:39:01Z INFO HostContext] Well known directory 'Root': 'C:\Users\MOAWIZ\Desktop\travel-to-pakistan\actions-runner'
[2025-05-14 05:39:01Z INFO HostContext] Well known directory 'Work': 'C:\Users\MOAWIZ\Desktop\travel-to-pakistan\actions-runner\_work'
[2025-05-14 05:39:01Z INFO HostContext] Well known directory 'Actions': 'C:\Users\MOAWIZ\Desktop\travel-to-pakistan\actions-runner\_work\_actions'
[2025-05-14 05:39:01Z INFO HostContext] Well known directory 'Bin': 'C:\Users\MOAWIZ\Desktop\travel-to-pakistan\actions-runner\bin'
[2025-05-14 05:39:01Z INFO HostContext] Well known directory 'Root': 'C:\Users\MOAWIZ\Desktop\travel-to-pakistan\actions-runner'
[2025-05-14 05:39:01Z INFO HostContext] Well known directory 'Work': 'C:\Users\MOAWIZ\Desktop\travel-to-pakistan\actions-runner\_work'
[2025-05-14 05:39:01Z INFO HostContext] Well known directory 'Actions': 'C:\Users\MOAWIZ\Desktop\travel-to-pakistan\actions-runner\_work\_actions'
[2025-05-14 05:39:01Z INFO HostContext] Well known directory 'Bin': 'C:\Users\MOAWIZ\Desktop\travel-to-pakistan\actions-runner\bin'
[2025-05-14 05:39:01Z INFO HostContext] Well known directory 'Root': 'C:\Users\MOAWIZ\Desktop\travel-to-pakistan\actions-runner'
[2025-05-14 05:39:01Z INFO HostContext] Well known directory 'Work': 'C:\Users\MOAWIZ\Desktop\travel-to-pakistan\actions-runner\_work'
[2025-05-14 05:39:01Z INFO HostContext] Well known directory 'Actions': 'C:\Users\MOAWIZ\Desktop\travel-to-pakistan\actions-runner\_work\_actions'
[2025-05-14 05:39:02Z INFO ActionManager] Save archive 'https://api.github.com/repos/actions/checkout/zipball/11bd71901bbe5b1630ceea73d27597364c9af683' into C:\Users\MOAWIZ\Desktop\travel-to-pakistan\actions-runner\_work\_actions\_temp_0bfa5a5c-bf5b-40d6-89e8-9a23066491c5\97e73c59-311d-471b-a921-ead530e35945.zip.
[2025-05-14 05:39:02Z INFO JobServer] Successfully started websocket client.
[2025-05-14 05:39:02Z INFO JobServerQueue] Try to append 1 batches web console lines for record 'd2e91c51-2db7-4f31-aaf2-0b828ebb9e4f', success rate: 1/1.
[2025-05-14 05:39:02Z INFO JobServerQueue] Try to append 1 batches web console lines for record 'd2e91c51-2db7-4f31-aaf2-0b828ebb9e4f', success rate: 1/1.
[2025-05-14 05:39:03Z INFO JobServerQueue] Job timeline record has been updated for the first time.
[2025-05-14 05:39:03Z INFO ActionManager] Request URL: https://api.github.com/repos/actions/checkout/zipball/11bd71901bbe5b1630ceea73d27597364c9af683 X-GitHub-Request-Id: F120:5515A:5766:31591:68242C76 Http Status: OK
[2025-05-14 05:39:04Z INFO ActionManager] Finished getting action repository.
[2025-05-14 05:39:04Z INFO HostContext] Well known directory 'Bin': 'C:\Users\MOAWIZ\Desktop\travel-to-pakistan\actions-runner\bin'
[2025-05-14 05:39:04Z INFO HostContext] Well known directory 'Root': 'C:\Users\MOAWIZ\Desktop\travel-to-pakistan\actions-runner'
[2025-05-14 05:39:04Z INFO HostContext] Well known directory 'Work': 'C:\Users\MOAWIZ\Desktop\travel-to-pakistan\actions-runner\_work'
[2025-05-14 05:39:04Z INFO HostContext] Well known directory 'Actions': 'C:\Users\MOAWIZ\Desktop\travel-to-pakistan\actions-runner\_work\_actions'
[2025-05-14 05:39:04Z INFO HostContext] Well known directory 'Bin': 'C:\Users\MOAWIZ\Desktop\travel-to-pakistan\actions-runner\bin'
[2025-05-14 05:39:04Z INFO HostContext] Well known directory 'Root': 'C:\Users\MOAWIZ\Desktop\travel-to-pakistan\actions-runner'
[2025-05-14 05:39:04Z INFO HostContext] Well known directory 'Work': 'C:\Users\MOAWIZ\Desktop\travel-to-pakistan\actions-runner\_work'
[2025-05-14 05:39:04Z INFO HostContext] Well known directory 'Actions': 'C:\Users\MOAWIZ\Desktop\travel-to-pakistan\actions-runner\_work\_actions'
[2025-05-14 05:39:04Z INFO ActionManager] Save archive 'https://api.github.com/repos/docker/login-action/zipball/74a5d142397b4f367a81961eba4e8cd7edddf772' into C:\Users\MOAWIZ\Desktop\travel-to-pakistan\actions-runner\_work\_actions\_temp_6c14f18c-341a-48ba-8fc9-3f8322afaabd\00a47fa1-c714-40a8-8157-9bf8379539a3.zip.
[2025-05-14 05:39:04Z INFO JobServerQueue] Try to append 1 batches web console lines for record 'd2e91c51-2db7-4f31-aaf2-0b828ebb9e4f', success rate: 1/1.
[2025-05-14 05:39:07Z INFO ActionManager] Request URL: https://api.github.com/repos/docker/login-action/zipball/74a5d142397b4f367a81961eba4e8cd7edddf772 X-GitHub-Request-Id: F124:CBBFE:51FB:31010:68242C79 Http Status: OK
[2025-05-14 05:39:07Z INFO ActionManager] Finished getting action repository.
[2025-05-14 05:39:07Z INFO HostContext] Well known directory 'Bin': 'C:\Users\MOAWIZ\Desktop\travel-to-pakistan\actions-runner\bin'
[2025-05-14 05:39:07Z INFO HostContext] Well known directory 'Root': 'C:\Users\MOAWIZ\Desktop\travel-to-pakistan\actions-runner'
[2025-05-14 05:39:07Z INFO HostContext] Well known directory 'Work': 'C:\Users\MOAWIZ\Desktop\travel-to-pakistan\actions-runner\_work'
[2025-05-14 05:39:07Z INFO HostContext] Well known directory 'Actions': 'C:\Users\MOAWIZ\Desktop\travel-to-pakistan\actions-runner\_work\_actions'
[2025-05-14 05:39:07Z INFO ActionManifestManager] Load schema file with definitions: [
  "null",
  "boolean",
  "number",
  "string",
  "sequence",
  "mapping",
  "any",
  "action-root",
  "inputs",
  "input",
  "outputs",
  "output-definition",
  "runs",
  "container-runs",
  "container-runs-args",
  "container-runs-env",
  "node-runs",
  "plugin-runs",
  "composite-runs",
  "composite-steps",
  "composite-step",
  "run-step",
  "uses-step",
  "container-runs-context",
  "output-value",
  "input-default-context",
  "non-empty-string",
  "string-steps-context",
  "boolean-steps-context",
  "step-env",
  "step-if",
  "step-with"
]
[2025-05-14 05:39:07Z INFO HostContext] Well known directory 'Bin': 'C:\Users\MOAWIZ\Desktop\travel-to-pakistan\actions-runner\bin'
[2025-05-14 05:39:07Z INFO HostContext] Well known directory 'Root': 'C:\Users\MOAWIZ\Desktop\travel-to-pakistan\actions-runner'
[2025-05-14 05:39:07Z INFO HostContext] Well known directory 'Work': 'C:\Users\MOAWIZ\Desktop\travel-to-pakistan\actions-runner\_work'
[2025-05-14 05:39:07Z INFO HostContext] Well known directory 'Actions': 'C:\Users\MOAWIZ\Desktop\travel-to-pakistan\actions-runner\_work\_actions'
[2025-05-14 05:39:07Z INFO ActionManifestManager] Loaded action.yml file: {
  "name": "Checkout",
  "description": "Checkout a Git repository at a particular version",
  "inputs": {
    "type": 2,
    "map": [
      {
        "key": {
          "type": 0,
          "file": 2,
          "line": 4,
          "col": 3,
          "lit": "repository"
        },
        "value": {
          "type": 3,
          "file": 2,
          "line": 6,
          "col": 14,
          "expr": "github.repository"
        }
      },
      {
        "key": {
          "type": 0,
          "file": 2,
          "line": 7,
          "col": 3,
          "lit": "ref"
        },
        "value": ""
      },
      {
        "key": {
          "type": 0,
          "file": 2,
          "line": 12,
          "col": 3,
          "lit": "token"
        },
        "value": {
          "type": 3,
          "file": 2,
          "line": 24,
          "col": 14,
          "expr": "github.token"
        }
      },
      {
        "key": {
          "type": 0,
          "file": 2,
          "line": 25,
          "col": 3,
          "lit": "ssh-key"
        },
        "value": ""
      },
      {
        "key": {
          "type": 0,
          "file": 2,
          "line": 37,
          "col": 3,
          "lit": "ssh-known-hosts"
        },
        "value": ""
      },
      {
        "key": {
          "type": 0,
          "file": 2,
          "line": 42,
          "col": 3,
          "lit": "ssh-strict"
        },
        "value": {
          "type": 0,
          "file": 2,
          "line": 47,
          "col": 14,
          "lit": "true"
        }
      },
      {
        "key": {
          "type": 0,
          "file": 2,
          "line": 48,
          "col": 3,
          "lit": "ssh-user"
        },
        "value": {
          "type": 0,
          "file": 2,
          "line": 51,
          "col": 14,
          "lit": "git"
        }
      },
      {
        "key": {
          "type": 0,
          "file": 2,
          "line": 52,
          "col": 3,
          "lit": "persist-credentials"
        },
        "value": {
          "type": 0,
          "file": 2,
          "line": 54,
          "col": 14,
          "lit": "true"
        }
      },
      {
        "key": {
          "type": 0,
          "file": 2,
          "line": 55,
          "col": 3,
          "lit": "path"
        },
        "value": ""
      },
      {
        "key": {
          "type": 0,
          "file": 2,
          "line": 57,
          "col": 3,
          "lit": "clean"
        },
        "value": {
          "type": 0,
          "file": 2,
          "line": 59,
          "col": 14,
          "lit": "true"
        }
      },
      {
        "key": {
          "type": 0,
          "file": 2,
          "line": 60,
          "col": 3,
          "lit": "filter"
        },
        "value": {
          "type": 0,
          "file": 2,
          "line": 64,
          "col": 14,
          "lit": ""
        }
      },
      {
        "key": {
          "type": 0,
          "file": 2,
          "line": 65,
          "col": 3,
          "lit": "sparse-checkout"
        },
        "value": {
          "type": 0,
          "file": 2,
          "line": 69,
          "col": 14,
          "lit": ""
        }
      },
      {
        "key": {
          "type": 0,
          "file": 2,
          "line": 70,
          "col": 3,
          "lit": "sparse-checkout-cone-mode"
        },
        "value": {
          "type": 0,
          "file": 2,
          "line": 73,
          "col": 14,
          "lit": "true"
        }
      },
      {
        "key": {
          "type": 0,
          "file": 2,
          "line": 74,
          "col": 3,
          "lit": "fetch-depth"
        },
        "value": {
          "type": 0,
          "file": 2,
          "line": 76,
          "col": 14,
          "lit": "1"
        }
      },
      {
        "key": {
          "type": 0,
          "file": 2,
          "line": 77,
          "col": 3,
          "lit": "fetch-tags"
        },
        "value": {
          "type": 0,
          "file": 2,
          "line": 79,
          "col": 14,
          "lit": "false"
        }
      },
      {
        "key": {
          "type": 0,
          "file": 2,
          "line": 80,
          "col": 3,
          "lit": "show-progress"
        },
        "value": {
          "type": 0,
          "file": 2,
          "line": 82,
          "col": 14,
          "lit": "true"
        }
      },
      {
        "key": {
          "type": 0,
          "file": 2,
          "line": 83,
          "col": 3,
          "lit": "lfs"
        },
        "value": {
          "type": 0,
          "file": 2,
          "line": 85,
          "col": 14,
          "lit": "false"
        }
      },
      {
        "key": {
          "type": 0,
          "file": 2,
          "line": 86,
          "col": 3,
          "lit": "submodules"
        },
        "value": {
          "type": 0,
          "file": 2,
          "line": 94,
          "col": 14,
          "lit": "false"
        }
      },
      {
        "key": {
          "type": 0,
          "file": 2,
          "line": 95,
          "col": 3,
          "lit": "set-safe-directory"
        },
        "value": {
          "type": 0,
          "file": 2,
          "line": 97,
          "col": 14,
          "lit": "true"
        }
      },
      {
        "key": {
          "type": 0,
          "file": 2,
          "line": 98,
          "col": 3,
          "lit": "github-server-url"
        },
        "value": ""
      }
    ]
  },
  "execution": {
    "executionType": "nodeJS",
    "hasPre": false,
    "hasPost": true,
    "script": "dist/index.js",
    "pre": null,
    "post": "dist/index.js",
    "nodeVersion": "node20",
    "cleanupCondition": "always()",
    "initCondition": "always()"
  },
  "deprecated": null
}
[2025-05-14 05:39:07Z INFO ActionManager] Action node.js file: dist/index.js, no more preparation.
[2025-05-14 05:39:07Z INFO HostContext] Well known directory 'Bin': 'C:\Users\MOAWIZ\Desktop\travel-to-pakistan\actions-runner\bin'
[2025-05-14 05:39:07Z INFO HostContext] Well known directory 'Root': 'C:\Users\MOAWIZ\Desktop\travel-to-pakistan\actions-runner'
[2025-05-14 05:39:07Z INFO HostContext] Well known directory 'Work': 'C:\Users\MOAWIZ\Desktop\travel-to-pakistan\actions-runner\_work'
[2025-05-14 05:39:07Z INFO HostContext] Well known directory 'Actions': 'C:\Users\MOAWIZ\Desktop\travel-to-pakistan\actions-runner\_work\_actions'
[2025-05-14 05:39:07Z INFO ActionManager] Load action that reference repository from 'C:\Users\MOAWIZ\Desktop\travel-to-pakistan\actions-runner\_work\_actions\actions\checkout\v4'
[2025-05-14 05:39:07Z INFO HostContext] Well known directory 'Bin': 'C:\Users\MOAWIZ\Desktop\travel-to-pakistan\actions-runner\bin'
[2025-05-14 05:39:07Z INFO HostContext] Well known directory 'Root': 'C:\Users\MOAWIZ\Desktop\travel-to-pakistan\actions-runner'
[2025-05-14 05:39:07Z INFO HostContext] Well known directory 'Work': 'C:\Users\MOAWIZ\Desktop\travel-to-pakistan\actions-runner\_work'
[2025-05-14 05:39:07Z INFO HostContext] Well known directory 'Actions': 'C:\Users\MOAWIZ\Desktop\travel-to-pakistan\actions-runner\_work\_actions'
[2025-05-14 05:39:07Z INFO ActionManifestManager] Loaded action.yml file: {
  "name": "Checkout",
  "description": "Checkout a Git repository at a particular version",
  "inputs": {
    "type": 2,
    "map": [
      {
        "key": {
          "type": 0,
          "file": 2,
          "line": 4,
          "col": 3,
          "lit": "repository"
        },
        "value": {
          "type": 3,
          "file": 2,
          "line": 6,
          "col": 14,
          "expr": "github.repository"
        }
      },
      {
        "key": {
          "type": 0,
          "file": 2,
          "line": 7,
          "col": 3,
          "lit": "ref"
        },
        "value": ""
      },
      {
        "key": {
          "type": 0,
          "file": 2,
          "line": 12,
          "col": 3,
          "lit": "token"
        },
        "value": {
          "type": 3,
          "file": 2,
          "line": 24,
          "col": 14,
          "expr": "github.token"
        }
      },
      {
        "key": {
          "type": 0,
          "file": 2,
          "line": 25,
          "col": 3,
          "lit": "ssh-key"
        },
        "value": ""
      },
      {
        "key": {
          "type": 0,
          "file": 2,
          "line": 37,
          "col": 3,
          "lit": "ssh-known-hosts"
        },
        "value": ""
      },
      {
        "key": {
          "type": 0,
          "file": 2,
          "line": 42,
          "col": 3,
          "lit": "ssh-strict"
        },
        "value": {
          "type": 0,
          "file": 2,
          "line": 47,
          "col": 14,
          "lit": "true"
        }
      },
      {
        "key": {
          "type": 0,
          "file": 2,
          "line": 48,
          "col": 3,
          "lit": "ssh-user"
        },
        "value": {
          "type": 0,
          "file": 2,
          "line": 51,
          "col": 14,
          "lit": "git"
        }
      },
      {
        "key": {
          "type": 0,
          "file": 2,
          "line": 52,
          "col": 3,
          "lit": "persist-credentials"
        },
        "value": {
          "type": 0,
          "file": 2,
          "line": 54,
          "col": 14,
          "lit": "true"
        }
      },
      {
        "key": {
          "type": 0,
          "file": 2,
          "line": 55,
          "col": 3,
          "lit": "path"
        },
        "value": ""
      },
      {
        "key": {
          "type": 0,
          "file": 2,
          "line": 57,
          "col": 3,
          "lit": "clean"
        },
        "value": {
          "type": 0,
          "file": 2,
          "line": 59,
          "col": 14,
          "lit": "true"
        }
      },
      {
        "key": {
          "type": 0,
          "file": 2,
          "line": 60,
          "col": 3,
          "lit": "filter"
        },
        "value": {
          "type": 0,
          "file": 2,
          "line": 64,
          "col": 14,
          "lit": ""
        }
      },
      {
        "key": {
          "type": 0,
          "file": 2,
          "line": 65,
          "col": 3,
          "lit": "sparse-checkout"
        },
        "value": {
          "type": 0,
          "file": 2,
          "line": 69,
          "col": 14,
          "lit": ""
        }
      },
      {
        "key": {
          "type": 0,
          "file": 2,
          "line": 70,
          "col": 3,
          "lit": "sparse-checkout-cone-mode"
        },
        "value": {
          "type": 0,
          "file": 2,
          "line": 73,
          "col": 14,
          "lit": "true"
        }
      },
      {
        "key": {
          "type": 0,
          "file": 2,
          "line": 74,
          "col": 3,
          "lit": "fetch-depth"
        },
        "value": {
          "type": 0,
          "file": 2,
          "line": 76,
          "col": 14,
          "lit": "1"
        }
      },
      {
        "key": {
          "type": 0,
          "file": 2,
          "line": 77,
          "col": 3,
          "lit": "fetch-tags"
        },
        "value": {
          "type": 0,
          "file": 2,
          "line": 79,
          "col": 14,
          "lit": "false"
        }
      },
      {
        "key": {
          "type": 0,
          "file": 2,
          "line": 80,
          "col": 3,
          "lit": "show-progress"
        },
        "value": {
          "type": 0,
          "file": 2,
          "line": 82,
          "col": 14,
          "lit": "true"
        }
      },
      {
        "key": {
          "type": 0,
          "file": 2,
          "line": 83,
          "col": 3,
          "lit": "lfs"
        },
        "value": {
          "type": 0,
          "file": 2,
          "line": 85,
          "col": 14,
          "lit": "false"
        }
      },
      {
        "key": {
          "type": 0,
          "file": 2,
          "line": 86,
          "col": 3,
          "lit": "submodules"
        },
        "value": {
          "type": 0,
          "file": 2,
          "line": 94,
          "col": 14,
          "lit": "false"
        }
      },
      {
        "key": {
          "type": 0,
          "file": 2,
          "line": 95,
          "col": 3,
          "lit": "set-safe-directory"
        },
        "value": {
          "type": 0,
          "file": 2,
          "line": 97,
          "col": 14,
          "lit": "true"
        }
      },
      {
        "key": {
          "type": 0,
          "file": 2,
          "line": 98,
          "col": 3,
          "lit": "github-server-url"
        },
        "value": ""
      }
    ]
  },
  "execution": {
    "executionType": "nodeJS",
    "hasPre": false,
    "hasPost": true,
    "script": "dist/index.js",
    "pre": null,
    "post": "dist/index.js",
    "nodeVersion": "node20",
    "cleanupCondition": "always()",
    "initCondition": "always()"
  },
  "deprecated": null
}
[2025-05-14 05:39:07Z INFO ActionManager] Action pre node.js file: N/A.
[2025-05-14 05:39:07Z INFO ActionManager] Action node.js file: dist/index.js.
[2025-05-14 05:39:07Z INFO ActionManager] Action post node.js file: dist/index.js.
[2025-05-14 05:39:07Z INFO HostContext] Well known directory 'Bin': 'C:\Users\MOAWIZ\Desktop\travel-to-pakistan\actions-runner\bin'
[2025-05-14 05:39:07Z INFO HostContext] Well known directory 'Root': 'C:\Users\MOAWIZ\Desktop\travel-to-pakistan\actions-runner'
[2025-05-14 05:39:07Z INFO HostContext] Well known directory 'Work': 'C:\Users\MOAWIZ\Desktop\travel-to-pakistan\actions-runner\_work'
[2025-05-14 05:39:07Z INFO HostContext] Well known directory 'Actions': 'C:\Users\MOAWIZ\Desktop\travel-to-pakistan\actions-runner\_work\_actions'
[2025-05-14 05:39:07Z INFO HostContext] Well known directory 'Bin': 'C:\Users\MOAWIZ\Desktop\travel-to-pakistan\actions-runner\bin'
[2025-05-14 05:39:07Z INFO HostContext] Well known directory 'Root': 'C:\Users\MOAWIZ\Desktop\travel-to-pakistan\actions-runner'
[2025-05-14 05:39:07Z INFO HostContext] Well known directory 'Work': 'C:\Users\MOAWIZ\Desktop\travel-to-pakistan\actions-runner\_work'
[2025-05-14 05:39:07Z INFO HostContext] Well known directory 'Actions': 'C:\Users\MOAWIZ\Desktop\travel-to-pakistan\actions-runner\_work\_actions'
[2025-05-14 05:39:07Z INFO ActionManifestManager] Ignore action property author.
[2025-05-14 05:39:07Z INFO ActionManifestManager] Ignore action property branding.
[2025-05-14 05:39:07Z INFO ActionManifestManager] Loaded action.yml file: {
  "name": "Docker Login",
  "description": "GitHub Action to login against a Docker registry",
  "inputs": {
    "type": 2,
    "map": [
      {
        "key": {
          "type": 0,
          "file": 3,
          "line": 10,
          "col": 3,
          "lit": "registry"
        },
        "value": ""
      },
      {
        "key": {
          "type": 0,
          "file": 3,
          "line": 13,
          "col": 3,
          "lit": "username"
        },
        "value": ""
      },
      {
        "key": {
          "type": 0,
          "file": 3,
          "line": 16,
          "col": 3,
          "lit": "password"
        },
        "value": ""
      },
      {
        "key": {
          "type": 0,
          "file": 3,
          "line": 19,
          "col": 3,
          "lit": "ecr"
        },
        "value": {
          "type": 0,
          "file": 3,
          "line": 21,
          "col": 14,
          "lit": "auto"
        }
      },
      {
        "key": {
          "type": 0,
          "file": 3,
          "line": 23,
          "col": 3,
          "lit": "logout"
        },
        "value": {
          "type": 0,
          "file": 3,
          "line": 25,
          "col": 14,
          "lit": "true"
        }
      }
    ]
  },
  "execution": {
    "executionType": "nodeJS",
    "hasPre": false,
    "hasPost": true,
    "script": "dist/index.js",
    "pre": null,
    "post": "dist/index.js",
    "nodeVersion": "node20",
    "cleanupCondition": "always()",
    "initCondition": "always()"
  },
  "deprecated": null
}
[2025-05-14 05:39:07Z INFO ActionManager] Action node.js file: dist/index.js, no more preparation.
[2025-05-14 05:39:07Z INFO HostContext] Well known directory 'Bin': 'C:\Users\MOAWIZ\Desktop\travel-to-pakistan\actions-runner\bin'
[2025-05-14 05:39:07Z INFO HostContext] Well known directory 'Root': 'C:\Users\MOAWIZ\Desktop\travel-to-pakistan\actions-runner'
[2025-05-14 05:39:07Z INFO HostContext] Well known directory 'Work': 'C:\Users\MOAWIZ\Desktop\travel-to-pakistan\actions-runner\_work'
[2025-05-14 05:39:07Z INFO HostContext] Well known directory 'Actions': 'C:\Users\MOAWIZ\Desktop\travel-to-pakistan\actions-runner\_work\_actions'
[2025-05-14 05:39:07Z INFO ActionManager] Load action that reference repository from 'C:\Users\MOAWIZ\Desktop\travel-to-pakistan\actions-runner\_work\_actions\docker\login-action\v3'
[2025-05-14 05:39:07Z INFO HostContext] Well known directory 'Bin': 'C:\Users\MOAWIZ\Desktop\travel-to-pakistan\actions-runner\bin'
[2025-05-14 05:39:07Z INFO HostContext] Well known directory 'Root': 'C:\Users\MOAWIZ\Desktop\travel-to-pakistan\actions-runner'
[2025-05-14 05:39:07Z INFO HostContext] Well known directory 'Work': 'C:\Users\MOAWIZ\Desktop\travel-to-pakistan\actions-runner\_work'
[2025-05-14 05:39:07Z INFO HostContext] Well known directory 'Actions': 'C:\Users\MOAWIZ\Desktop\travel-to-pakistan\actions-runner\_work\_actions'
[2025-05-14 05:39:07Z INFO ActionManifestManager] Ignore action property author.
[2025-05-14 05:39:07Z INFO ActionManifestManager] Ignore action property branding.
[2025-05-14 05:39:07Z INFO ActionManifestManager] Loaded action.yml file: {
  "name": "Docker Login",
  "description": "GitHub Action to login against a Docker registry",
  "inputs": {
    "type": 2,
    "map": [
      {
        "key": {
          "type": 0,
          "file": 3,
          "line": 10,
          "col": 3,
          "lit": "registry"
        },
        "value": ""
      },
      {
        "key": {
          "type": 0,
          "file": 3,
          "line": 13,
          "col": 3,
          "lit": "username"
        },
        "value": ""
      },
      {
        "key": {
          "type": 0,
          "file": 3,
          "line": 16,
          "col": 3,
          "lit": "password"
        },
        "value": ""
      },
      {
        "key": {
          "type": 0,
          "file": 3,
          "line": 19,
          "col": 3,
          "lit": "ecr"
        },
        "value": {
          "type": 0,
          "file": 3,
          "line": 21,
          "col": 14,
          "lit": "auto"
        }
      },
      {
        "key": {
          "type": 0,
          "file": 3,
          "line": 23,
          "col": 3,
          "lit": "logout"
        },
        "value": {
          "type": 0,
          "file": 3,
          "line": 25,
          "col": 14,
          "lit": "true"
        }
      }
    ]
  },
  "execution": {
    "executionType": "nodeJS",
    "hasPre": false,
    "hasPost": true,
    "script": "dist/index.js",
    "pre": null,
    "post": "dist/index.js",
    "nodeVersion": "node20",
    "cleanupCondition": "always()",
    "initCondition": "always()"
  },
  "deprecated": null
}
[2025-05-14 05:39:07Z INFO ActionManager] Action pre node.js file: N/A.
[2025-05-14 05:39:07Z INFO ActionManager] Action node.js file: dist/index.js.
[2025-05-14 05:39:07Z INFO ActionManager] Action post node.js file: dist/index.js.
[2025-05-14 05:39:07Z INFO JobExtension] Adding .
[2025-05-14 05:39:07Z INFO JobExtension] Adding .
[2025-05-14 05:39:07Z INFO JobExtension] Adding .
[2025-05-14 05:39:07Z INFO JobExtension] Adding .
[2025-05-14 05:39:07Z INFO JobExtension] Adding .
[2025-05-14 05:39:07Z INFO HostContext] Well known directory 'Bin': 'C:\Users\MOAWIZ\Desktop\travel-to-pakistan\actions-runner\bin'
[2025-05-14 05:39:07Z INFO HostContext] Well known directory 'Root': 'C:\Users\MOAWIZ\Desktop\travel-to-pakistan\actions-runner'
[2025-05-14 05:39:07Z INFO HostContext] Well known directory 'Diag': 'C:\Users\MOAWIZ\Desktop\travel-to-pakistan\actions-runner\_diag'
[2025-05-14 05:39:07Z INFO HostContext] Well known directory 'Bin': 'C:\Users\MOAWIZ\Desktop\travel-to-pakistan\actions-runner\bin'
[2025-05-14 05:39:07Z INFO HostContext] Well known directory 'Root': 'C:\Users\MOAWIZ\Desktop\travel-to-pakistan\actions-runner'
[2025-05-14 05:39:07Z INFO HostContext] Well known directory 'Diag': 'C:\Users\MOAWIZ\Desktop\travel-to-pakistan\actions-runner\_diag'
[2025-05-14 05:39:07Z INFO HostContext] Well known directory 'Bin': 'C:\Users\MOAWIZ\Desktop\travel-to-pakistan\actions-runner\bin'
[2025-05-14 05:39:07Z INFO HostContext] Well known directory 'Root': 'C:\Users\MOAWIZ\Desktop\travel-to-pakistan\actions-runner'
[2025-05-14 05:39:07Z INFO HostContext] Well known directory 'Diag': 'C:\Users\MOAWIZ\Desktop\travel-to-pakistan\actions-runner\_diag'
[2025-05-14 05:39:07Z INFO HostContext] Well known directory 'Bin': 'C:\Users\MOAWIZ\Desktop\travel-to-pakistan\actions-runner\bin'
[2025-05-14 05:39:07Z INFO HostContext] Well known directory 'Root': 'C:\Users\MOAWIZ\Desktop\travel-to-pakistan\actions-runner'
[2025-05-14 05:39:07Z INFO HostContext] Well known directory 'Diag': 'C:\Users\MOAWIZ\Desktop\travel-to-pakistan\actions-runner\_diag'
[2025-05-14 05:39:07Z INFO HostContext] Well known directory 'Bin': 'C:\Users\MOAWIZ\Desktop\travel-to-pakistan\actions-runner\bin'
[2025-05-14 05:39:07Z INFO HostContext] Well known directory 'Root': 'C:\Users\MOAWIZ\Desktop\travel-to-pakistan\actions-runner'
[2025-05-14 05:39:07Z INFO HostContext] Well known directory 'Diag': 'C:\Users\MOAWIZ\Desktop\travel-to-pakistan\actions-runner\_diag'
[2025-05-14 05:39:07Z INFO HostContext] Well known directory 'Bin': 'C:\Users\MOAWIZ\Desktop\travel-to-pakistan\actions-runner\bin'
[2025-05-14 05:39:07Z INFO HostContext] Well known directory 'Root': 'C:\Users\MOAWIZ\Desktop\travel-to-pakistan\actions-runner'
[2025-05-14 05:39:07Z INFO HostContext] Well known directory 'Diag': 'C:\Users\MOAWIZ\Desktop\travel-to-pakistan\actions-runner\_diag'
[2025-05-14 05:39:07Z INFO HostContext] Well known directory 'Bin': 'C:\Users\MOAWIZ\Desktop\travel-to-pakistan\actions-runner\bin'
[2025-05-14 05:39:07Z INFO HostContext] Well known directory 'Root': 'C:\Users\MOAWIZ\Desktop\travel-to-pakistan\actions-runner'
[2025-05-14 05:39:07Z INFO HostContext] Well known directory 'Diag': 'C:\Users\MOAWIZ\Desktop\travel-to-pakistan\actions-runner\_diag'
[2025-05-14 05:39:07Z INFO HostContext] Well known directory 'Bin': 'C:\Users\MOAWIZ\Desktop\travel-to-pakistan\actions-runner\bin'
[2025-05-14 05:39:07Z INFO HostContext] Well known directory 'Root': 'C:\Users\MOAWIZ\Desktop\travel-to-pakistan\actions-runner'
[2025-05-14 05:39:07Z INFO HostContext] Well known directory 'Diag': 'C:\Users\MOAWIZ\Desktop\travel-to-pakistan\actions-runner\_diag'
[2025-05-14 05:39:07Z INFO HostContext] Well known directory 'Bin': 'C:\Users\MOAWIZ\Desktop\travel-to-pakistan\actions-runner\bin'
[2025-05-14 05:39:07Z INFO HostContext] Well known directory 'Root': 'C:\Users\MOAWIZ\Desktop\travel-to-pakistan\actions-runner'
[2025-05-14 05:39:07Z INFO HostContext] Well known directory 'Diag': 'C:\Users\MOAWIZ\Desktop\travel-to-pakistan\actions-runner\_diag'
[2025-05-14 05:39:07Z INFO HostContext] Well known directory 'Bin': 'C:\Users\MOAWIZ\Desktop\travel-to-pakistan\actions-runner\bin'
[2025-05-14 05:39:07Z INFO HostContext] Well known directory 'Root': 'C:\Users\MOAWIZ\Desktop\travel-to-pakistan\actions-runner'
[2025-05-14 05:39:07Z INFO HostContext] Well known directory 'Diag': 'C:\Users\MOAWIZ\Desktop\travel-to-pakistan\actions-runner\_diag'
[2025-05-14 05:39:07Z INFO JobExtension] Total accessible running process: 392.
[2025-05-14 05:39:07Z INFO HostContext] Well known directory 'Bin': 'C:\Users\MOAWIZ\Desktop\travel-to-pakistan\actions-runner\bin'
[2025-05-14 05:39:07Z INFO HostContext] Well known directory 'Root': 'C:\Users\MOAWIZ\Desktop\travel-to-pakistan\actions-runner'
[2025-05-14 05:39:07Z INFO HostContext] Well known directory 'Work': 'C:\Users\MOAWIZ\Desktop\travel-to-pakistan\actions-runner\_work'
[2025-05-14 05:39:07Z INFO JobExtension] Start checking server connectivity.
[2025-05-14 05:39:07Z INFO JobExtension] Check server connectivity for https://acghubeus0.actions.githubusercontent.com/_apis/health.
[2025-05-14 05:39:07Z INFO JobExtension] Check server connectivity for https://results-receiver.actions.githubusercontent.com/health.
[2025-05-14 05:39:07Z INFO JobExtension] Check server connectivity for https://pkg.actions.githubusercontent.com/health.
[2025-05-14 05:39:07Z INFO JobExtension] Check server connectivity for https://actions-results-receiver-production.githubapp.com/health.
[2025-05-14 05:39:07Z INFO JobExtension] Check server connectivity for https://run-actions-2-azure-eastus.actions.githubusercontent.com/12/health.
[2025-05-14 05:39:07Z INFO JobExtension] Check server connectivity for https://pipelinesghubeus11.actions.githubusercontent.com/_apis/health.
[2025-05-14 05:39:07Z INFO JobExtension] Start checking service connectivity in background.
[2025-05-14 05:39:07Z INFO ExecutionContext] Publish step telemetry for current step {
  "action": "setup_job",
  "type": "runner",
  "stage": "Pre",
  "stepId": "d2e91c51-2db7-4f31-aaf2-0b828ebb9e4f",
  "result": "succeeded",
  "errorMessages": [],
  "executionTimeInSeconds": 7,
  "startTime": "2025-05-14T05:39:01.4519466Z",
  "finishTime": "2025-05-14T05:39:07.9230119Z"
}.
[2025-05-14 05:39:07Z INFO JobRunner] Total job steps: 5.
[2025-05-14 05:39:07Z INFO JobRunner] Run all job steps.
[2025-05-14 05:39:07Z INFO StepsRunner] Processing step: DisplayName='Checkout code'
[2025-05-14 05:39:07Z INFO JobServerQueue] Try to append 1 batches web console lines for record 'd2e91c51-2db7-4f31-aaf2-0b828ebb9e4f', success rate: 1/1.
[2025-05-14 05:39:07Z INFO StepsRunner] Evaluating: success()
[2025-05-14 05:39:07Z INFO StepsRunner] Result: true
[2025-05-14 05:39:07Z INFO StepsRunner] Starting the step.
[2025-05-14 05:39:08Z INFO HostContext] Well known directory 'Bin': 'C:\Users\MOAWIZ\Desktop\travel-to-pakistan\actions-runner\bin'
[2025-05-14 05:39:08Z INFO HostContext] Well known directory 'Root': 'C:\Users\MOAWIZ\Desktop\travel-to-pakistan\actions-runner'
[2025-05-14 05:39:08Z INFO HostContext] Well known directory 'Work': 'C:\Users\MOAWIZ\Desktop\travel-to-pakistan\actions-runner\_work'
[2025-05-14 05:39:08Z INFO StepsRunner] Which2: 'chcp'
[2025-05-14 05:39:08Z INFO StepsRunner] Location: 'C:\Windows\system32\chcp.COM'
[2025-05-14 05:39:08Z INFO ProcessInvokerWrapper] Starting process:
[2025-05-14 05:39:08Z INFO ProcessInvokerWrapper]   File name: 'C:\Windows\system32\chcp.COM'
[2025-05-14 05:39:08Z INFO ProcessInvokerWrapper]   Arguments: '65001'
[2025-05-14 05:39:08Z INFO ProcessInvokerWrapper]   Working directory: 'C:\Users\MOAWIZ\Desktop\travel-to-pakistan\actions-runner\_work'
[2025-05-14 05:39:08Z INFO ProcessInvokerWrapper]   Require exit code zero: 'False'
[2025-05-14 05:39:08Z INFO ProcessInvokerWrapper]   Encoding web name:  ; code page: ''
[2025-05-14 05:39:08Z INFO ProcessInvokerWrapper]   Force kill process on cancellation: 'False'
[2025-05-14 05:39:08Z INFO ProcessInvokerWrapper]   Redirected STDIN: 'False'
[2025-05-14 05:39:08Z INFO ProcessInvokerWrapper]   Persist current code page: 'True'
[2025-05-14 05:39:08Z INFO ProcessInvokerWrapper]   Keep redirected STDIN open: 'False'
[2025-05-14 05:39:08Z INFO ProcessInvokerWrapper]   High priority process: 'False'
[2025-05-14 05:39:08Z INFO ProcessInvokerWrapper] Process started with process id 7844, waiting for process exit.
[2025-05-14 05:39:08Z INFO ProcessInvokerWrapper] STDOUT/STDERR stream read finished.
[2025-05-14 05:39:08Z INFO ProcessInvokerWrapper] STDOUT/STDERR stream read finished.
[2025-05-14 05:39:08Z INFO ProcessInvokerWrapper] Finished process 7844 with exit code 0, and elapsed time 00:00:00.0254774.
[2025-05-14 05:39:08Z INFO StepsRunner] Successfully returned to code page 65001 (UTF8)
[2025-05-14 05:39:08Z INFO HostContext] Well known directory 'Bin': 'C:\Users\MOAWIZ\Desktop\travel-to-pakistan\actions-runner\bin'
[2025-05-14 05:39:08Z INFO HostContext] Well known directory 'Root': 'C:\Users\MOAWIZ\Desktop\travel-to-pakistan\actions-runner'
[2025-05-14 05:39:08Z INFO HostContext] Well known directory 'Work': 'C:\Users\MOAWIZ\Desktop\travel-to-pakistan\actions-runner\_work'
[2025-05-14 05:39:08Z INFO HostContext] Well known directory 'Actions': 'C:\Users\MOAWIZ\Desktop\travel-to-pakistan\actions-runner\_work\_actions'
[2025-05-14 05:39:08Z INFO ActionManager] Load action that reference repository from 'C:\Users\MOAWIZ\Desktop\travel-to-pakistan\actions-runner\_work\_actions\actions\checkout\v4'
[2025-05-14 05:39:08Z INFO HostContext] Well known directory 'Bin': 'C:\Users\MOAWIZ\Desktop\travel-to-pakistan\actions-runner\bin'
[2025-05-14 05:39:08Z INFO HostContext] Well known directory 'Root': 'C:\Users\MOAWIZ\Desktop\travel-to-pakistan\actions-runner'
[2025-05-14 05:39:08Z INFO HostContext] Well known directory 'Work': 'C:\Users\MOAWIZ\Desktop\travel-to-pakistan\actions-runner\_work'
[2025-05-14 05:39:08Z INFO HostContext] Well known directory 'Actions': 'C:\Users\MOAWIZ\Desktop\travel-to-pakistan\actions-runner\_work\_actions'
[2025-05-14 05:39:08Z INFO ActionManifestManager] Loaded action.yml file: {
  "name": "Checkout",
  "description": "Checkout a Git repository at a particular version",
  "inputs": {
    "type": 2,
    "map": [
      {
        "key": {
          "type": 0,
          "file": 2,
          "line": 4,
          "col": 3,
          "lit": "repository"
        },
        "value": {
          "type": 3,
          "file": 2,
          "line": 6,
          "col": 14,
          "expr": "github.repository"
        }
      },
      {
        "key": {
          "type": 0,
          "file": 2,
          "line": 7,
          "col": 3,
          "lit": "ref"
        },
        "value": ""
      },
      {
        "key": {
          "type": 0,
          "file": 2,
          "line": 12,
          "col": 3,
          "lit": "token"
        },
        "value": {
          "type": 3,
          "file": 2,
          "line": 24,
          "col": 14,
          "expr": "github.token"
        }
      },
      {
        "key": {
          "type": 0,
          "file": 2,
          "line": 25,
          "col": 3,
          "lit": "ssh-key"
        },
        "value": ""
      },
      {
        "key": {
          "type": 0,
          "file": 2,
          "line": 37,
          "col": 3,
          "lit": "ssh-known-hosts"
        },
        "value": ""
      },
      {
        "key": {
          "type": 0,
          "file": 2,
          "line": 42,
          "col": 3,
          "lit": "ssh-strict"
        },
        "value": {
          "type": 0,
          "file": 2,
          "line": 47,
          "col": 14,
          "lit": "true"
        }
      },
      {
        "key": {
          "type": 0,
          "file": 2,
          "line": 48,
          "col": 3,
          "lit": "ssh-user"
        },
        "value": {
          "type": 0,
          "file": 2,
          "line": 51,
          "col": 14,
          "lit": "git"
        }
      },
      {
        "key": {
          "type": 0,
          "file": 2,
          "line": 52,
          "col": 3,
          "lit": "persist-credentials"
        },
        "value": {
          "type": 0,
          "file": 2,
          "line": 54,
          "col": 14,
          "lit": "true"
        }
      },
      {
        "key": {
          "type": 0,
          "file": 2,
          "line": 55,
          "col": 3,
          "lit": "path"
        },
        "value": ""
      },
      {
        "key": {
          "type": 0,
          "file": 2,
          "line": 57,
          "col": 3,
          "lit": "clean"
        },
        "value": {
          "type": 0,
          "file": 2,
          "line": 59,
          "col": 14,
          "lit": "true"
        }
      },
      {
        "key": {
          "type": 0,
          "file": 2,
          "line": 60,
          "col": 3,
          "lit": "filter"
        },
        "value": {
          "type": 0,
          "file": 2,
          "line": 64,
          "col": 14,
          "lit": ""
        }
      },
      {
        "key": {
          "type": 0,
          "file": 2,
          "line": 65,
          "col": 3,
          "lit": "sparse-checkout"
        },
        "value": {
          "type": 0,
          "file": 2,
          "line": 69,
          "col": 14,
          "lit": ""
        }
      },
      {
        "key": {
          "type": 0,
          "file": 2,
          "line": 70,
          "col": 3,
          "lit": "sparse-checkout-cone-mode"
        },
        "value": {
          "type": 0,
          "file": 2,
          "line": 73,
          "col": 14,
          "lit": "true"
        }
      },
      {
        "key": {
          "type": 0,
          "file": 2,
          "line": 74,
          "col": 3,
          "lit": "fetch-depth"
        },
        "value": {
          "type": 0,
          "file": 2,
          "line": 76,
          "col": 14,
          "lit": "1"
        }
      },
      {
        "key": {
          "type": 0,
          "file": 2,
          "line": 77,
          "col": 3,
          "lit": "fetch-tags"
        },
        "value": {
          "type": 0,
          "file": 2,
          "line": 79,
          "col": 14,
          "lit": "false"
        }
      },
      {
        "key": {
          "type": 0,
          "file": 2,
          "line": 80,
          "col": 3,
          "lit": "show-progress"
        },
        "value": {
          "type": 0,
          "file": 2,
          "line": 82,
          "col": 14,
          "lit": "true"
        }
      },
      {
        "key": {
          "type": 0,
          "file": 2,
          "line": 83,
          "col": 3,
          "lit": "lfs"
        },
        "value": {
          "type": 0,
          "file": 2,
          "line": 85,
          "col": 14,
          "lit": "false"
        }
      },
      {
        "key": {
          "type": 0,
          "file": 2,
          "line": 86,
          "col": 3,
          "lit": "submodules"
        },
        "value": {
          "type": 0,
          "file": 2,
          "line": 94,
          "col": 14,
          "lit": "false"
        }
      },
      {
        "key": {
          "type": 0,
          "file": 2,
          "line": 95,
          "col": 3,
          "lit": "set-safe-directory"
        },
        "value": {
          "type": 0,
          "file": 2,
          "line": 97,
          "col": 14,
          "lit": "true"
        }
      },
      {
        "key": {
          "type": 0,
          "file": 2,
          "line": 98,
          "col": 3,
          "lit": "github-server-url"
        },
        "value": ""
      }
    ]
  },
  "execution": {
    "executionType": "nodeJS",
    "hasPre": false,
    "hasPost": true,
    "script": "dist/index.js",
    "pre": null,
    "post": "dist/index.js",
    "nodeVersion": "node20",
    "cleanupCondition": "always()",
    "initCondition": "always()"
  },
  "deprecated": null
}
[2025-05-14 05:39:08Z INFO ActionManager] Action pre node.js file: N/A.
[2025-05-14 05:39:08Z INFO ActionManager] Action node.js file: dist/index.js.
[2025-05-14 05:39:08Z INFO ActionManager] Action post node.js file: dist/index.js.
[2025-05-14 05:39:08Z INFO ExecutionContext] Reserve record order 7 to 12 for post job actions.
[2025-05-14 05:39:08Z INFO HostContext] Well known directory 'Bin': 'C:\Users\MOAWIZ\Desktop\travel-to-pakistan\actions-runner\bin'
[2025-05-14 05:39:08Z INFO HostContext] Well known directory 'Root': 'C:\Users\MOAWIZ\Desktop\travel-to-pakistan\actions-runner'
[2025-05-14 05:39:08Z INFO HostContext] Well known directory 'Diag': 'C:\Users\MOAWIZ\Desktop\travel-to-pakistan\actions-runner\_diag'
[2025-05-14 05:39:08Z INFO HostContext] Well known directory 'Bin': 'C:\Users\MOAWIZ\Desktop\travel-to-pakistan\actions-runner\bin'
[2025-05-14 05:39:08Z INFO HostContext] Well known directory 'Root': 'C:\Users\MOAWIZ\Desktop\travel-to-pakistan\actions-runner'
[2025-05-14 05:39:08Z INFO HostContext] Well known directory 'Diag': 'C:\Users\MOAWIZ\Desktop\travel-to-pakistan\actions-runner\_diag'
[2025-05-14 05:39:08Z INFO HostContext] Well known directory 'Bin': 'C:\Users\MOAWIZ\Desktop\travel-to-pakistan\actions-runner\bin'
[2025-05-14 05:39:08Z INFO HostContext] Well known directory 'Root': 'C:\Users\MOAWIZ\Desktop\travel-to-pakistan\actions-runner'
[2025-05-14 05:39:08Z INFO HostContext] Well known directory 'Work': 'C:\Users\MOAWIZ\Desktop\travel-to-pakistan\actions-runner\_work'
[2025-05-14 05:39:08Z INFO HostContext] Well known directory 'Temp': 'C:\Users\MOAWIZ\Desktop\travel-to-pakistan\actions-runner\_work\_temp'
[2025-05-14 05:39:08Z INFO ExecutionContext] Write event payload to C:\Users\MOAWIZ\Desktop\travel-to-pakistan\actions-runner\_work\_temp\_github_workflow\event.json
[2025-05-14 05:39:08Z INFO HostContext] Well known directory 'Bin': 'C:\Users\MOAWIZ\Desktop\travel-to-pakistan\actions-runner\bin'
[2025-05-14 05:39:08Z INFO HostContext] Well known directory 'Root': 'C:\Users\MOAWIZ\Desktop\travel-to-pakistan\actions-runner'
[2025-05-14 05:39:08Z INFO HostContext] Well known directory 'Work': 'C:\Users\MOAWIZ\Desktop\travel-to-pakistan\actions-runner\_work'
[2025-05-14 05:39:08Z INFO HostContext] Well known directory 'Temp': 'C:\Users\MOAWIZ\Desktop\travel-to-pakistan\actions-runner\_work\_temp'
[2025-05-14 05:39:08Z INFO ExtensionManager] Getting extensions for interface: 'GitHub.Runner.Worker.IFileCommandExtension'
[2025-05-14 05:39:08Z INFO ExtensionManager] Creating instance: GitHub.Runner.Worker.AddPathFileCommand, Runner.Worker
[2025-05-14 05:39:08Z INFO ExtensionManager] Creating instance: GitHub.Runner.Worker.SetEnvFileCommand, Runner.Worker
[2025-05-14 05:39:08Z INFO ExtensionManager] Creating instance: GitHub.Runner.Worker.CreateStepSummaryCommand, Runner.Worker
[2025-05-14 05:39:08Z INFO ExtensionManager] Creating instance: GitHub.Runner.Worker.SaveStateFileCommand, Runner.Worker
[2025-05-14 05:39:08Z INFO ExtensionManager] Creating instance: GitHub.Runner.Worker.SetOutputFileCommand, Runner.Worker
[2025-05-14 05:39:08Z INFO ActionManifestManager] Input 'repository': default value evaluate result: {
  "type": 0,
  "file": 2,
  "line": 6,
  "col": 14,
  "lit": "***-2706/Travel-TO-Pakistan-Tour"
}
[2025-05-14 05:39:08Z INFO ActionManifestManager] Input 'ref': default value evaluate result: ""
[2025-05-14 05:39:08Z INFO ActionManifestManager] Input 'ssh-key': default value evaluate result: ""
[2025-05-14 05:39:08Z INFO ActionManifestManager] Input 'ssh-known-hosts': default value evaluate result: ""
[2025-05-14 05:39:08Z INFO ActionManifestManager] Input 'ssh-strict': default value evaluate result: {
  "type": 0,
  "file": 2,
  "line": 47,
  "col": 14,
  "lit": "true"
}
[2025-05-14 05:39:08Z INFO ActionManifestManager] Input 'ssh-user': default value evaluate result: {
  "type": 0,
  "file": 2,
  "line": 51,
  "col": 14,
  "lit": "git"
}
[2025-05-14 05:39:08Z INFO ActionManifestManager] Input 'persist-credentials': default value evaluate result: {
  "type": 0,
  "file": 2,
  "line": 54,
  "col": 14,
  "lit": "true"
}
[2025-05-14 05:39:08Z INFO ActionManifestManager] Input 'path': default value evaluate result: ""
[2025-05-14 05:39:08Z INFO ActionManifestManager] Input 'clean': default value evaluate result: {
  "type": 0,
  "file": 2,
  "line": 59,
  "col": 14,
  "lit": "true"
}
[2025-05-14 05:39:08Z INFO ActionManifestManager] Input 'filter': default value evaluate result: {
  "type": 0,
  "file": 2,
  "line": 64,
  "col": 14,
  "lit": ""
}
[2025-05-14 05:39:08Z INFO ActionManifestManager] Input 'sparse-checkout': default value evaluate result: {
  "type": 0,
  "file": 2,
  "line": 69,
  "col": 14,
  "lit": ""
}
[2025-05-14 05:39:08Z INFO ActionManifestManager] Input 'sparse-checkout-cone-mode': default value evaluate result: {
  "type": 0,
  "file": 2,
  "line": 73,
  "col": 14,
  "lit": "true"
}
[2025-05-14 05:39:08Z INFO ActionManifestManager] Input 'fetch-tags': default value evaluate result: {
  "type": 0,
  "file": 2,
  "line": 79,
  "col": 14,
  "lit": "false"
}
[2025-05-14 05:39:08Z INFO ActionManifestManager] Input 'show-progress': default value evaluate result: {
  "type": 0,
  "file": 2,
  "line": 82,
  "col": 14,
  "lit": "true"
}
[2025-05-14 05:39:08Z INFO ActionManifestManager] Input 'lfs': default value evaluate result: {
  "type": 0,
  "file": 2,
  "line": 85,
  "col": 14,
  "lit": "false"
}
[2025-05-14 05:39:08Z INFO ActionManifestManager] Input 'set-safe-directory': default value evaluate result: {
  "type": 0,
  "file": 2,
  "line": 97,
  "col": 14,
  "lit": "true"
}
[2025-05-14 05:39:08Z INFO ActionManifestManager] Input 'github-server-url': default value evaluate result: ""
[2025-05-14 05:39:08Z INFO ExtensionManager] Getting extensions for interface: 'GitHub.Runner.Worker.IActionCommandExtension'
[2025-05-14 05:39:08Z INFO ExtensionManager] Creating instance: GitHub.Runner.Worker.InternalPluginSetRepoPathCommandExtension, Runner.Worker
[2025-05-14 05:39:08Z INFO ExtensionManager] Creating instance: GitHub.Runner.Worker.SetEnvCommandExtension, Runner.Worker
[2025-05-14 05:39:08Z INFO ExtensionManager] Creating instance: GitHub.Runner.Worker.SetOutputCommandExtension, Runner.Worker
[2025-05-14 05:39:08Z INFO ExtensionManager] Creating instance: GitHub.Runner.Worker.SaveStateCommandExtension, Runner.Worker
[2025-05-14 05:39:08Z INFO ExtensionManager] Creating instance: GitHub.Runner.Worker.AddPathCommandExtension, Runner.Worker
[2025-05-14 05:39:08Z INFO ExtensionManager] Creating instance: GitHub.Runner.Worker.AddMaskCommandExtension, Runner.Worker
[2025-05-14 05:39:08Z INFO ExtensionManager] Creating instance: GitHub.Runner.Worker.AddMatcherCommandExtension, Runner.Worker
[2025-05-14 05:39:08Z INFO ExtensionManager] Creating instance: GitHub.Runner.Worker.RemoveMatcherCommandExtension, Runner.Worker
[2025-05-14 05:39:08Z INFO ExtensionManager] Creating instance: GitHub.Runner.Worker.WarningCommandExtension, Runner.Worker
[2025-05-14 05:39:08Z INFO ExtensionManager] Creating instance: GitHub.Runner.Worker.ErrorCommandExtension, Runner.Worker
[2025-05-14 05:39:08Z INFO ExtensionManager] Creating instance: GitHub.Runner.Worker.NoticeCommandExtension, Runner.Worker
[2025-05-14 05:39:08Z INFO ExtensionManager] Creating instance: GitHub.Runner.Worker.DebugCommandExtension, Runner.Worker
[2025-05-14 05:39:08Z INFO ExtensionManager] Creating instance: GitHub.Runner.Worker.GroupCommandExtension, Runner.Worker
[2025-05-14 05:39:08Z INFO ExtensionManager] Creating instance: GitHub.Runner.Worker.EndGroupCommandExtension, Runner.Worker
[2025-05-14 05:39:08Z INFO ExtensionManager] Creating instance: GitHub.Runner.Worker.EchoCommandExtension, Runner.Worker
[2025-05-14 05:39:08Z INFO ActionCommandManager] Register action command extension for command internal-set-repo-path
[2025-05-14 05:39:08Z INFO ActionCommandManager] Register action command extension for command set-env
[2025-05-14 05:39:08Z INFO ActionCommandManager] Register action command extension for command set-output
[2025-05-14 05:39:08Z INFO ActionCommandManager] Register action command extension for command save-state
[2025-05-14 05:39:08Z INFO ActionCommandManager] Register action command extension for command add-path
[2025-05-14 05:39:08Z INFO ActionCommandManager] Register action command extension for command add-mask
[2025-05-14 05:39:08Z INFO ActionCommandManager] Register action command extension for command add-matcher
[2025-05-14 05:39:08Z INFO ActionCommandManager] Register action command extension for command remove-matcher
[2025-05-14 05:39:08Z INFO ActionCommandManager] Register action command extension for command warning
[2025-05-14 05:39:08Z INFO ActionCommandManager] Register action command extension for command error
[2025-05-14 05:39:08Z INFO ActionCommandManager] Register action command extension for command notice
[2025-05-14 05:39:08Z INFO ActionCommandManager] Register action command extension for command debug
[2025-05-14 05:39:08Z INFO ActionCommandManager] Register action command extension for command group
[2025-05-14 05:39:08Z INFO ActionCommandManager] Register action command extension for command endgroup
[2025-05-14 05:39:08Z INFO ActionCommandManager] Register action command extension for command echo
[2025-05-14 05:39:08Z INFO HostContext] Well known directory 'Bin': 'C:\Users\MOAWIZ\Desktop\travel-to-pakistan\actions-runner\bin'
[2025-05-14 05:39:08Z INFO HostContext] Well known directory 'Root': 'C:\Users\MOAWIZ\Desktop\travel-to-pakistan\actions-runner'
[2025-05-14 05:39:08Z INFO HostContext] Well known directory 'Externals': 'C:\Users\MOAWIZ\Desktop\travel-to-pakistan\actions-runner\externals'
[2025-05-14 05:39:08Z INFO ProcessInvokerWrapper] Starting process:
[2025-05-14 05:39:08Z INFO ProcessInvokerWrapper]   File name: 'C:\Users\MOAWIZ\Desktop\travel-to-pakistan\actions-runner\externals\node20\bin\node.exe'
[2025-05-14 05:39:08Z INFO ProcessInvokerWrapper]   Arguments: '"C:\Users\MOAWIZ\Desktop\travel-to-pakistan\actions-runner\_work\_actions\actions\checkout\v4\dist/index.js"'
[2025-05-14 05:39:08Z INFO ProcessInvokerWrapper]   Working directory: 'C:\Users\MOAWIZ\Desktop\travel-to-pakistan\actions-runner\_work\Travel-TO-Pakistan-Tour\Travel-TO-Pakistan-Tour'
[2025-05-14 05:39:08Z INFO ProcessInvokerWrapper]   Require exit code zero: 'False'
[2025-05-14 05:39:08Z INFO ProcessInvokerWrapper]   Encoding web name: utf-8 ; code page: '65001'
[2025-05-14 05:39:08Z INFO ProcessInvokerWrapper]   Force kill process on cancellation: 'False'
[2025-05-14 05:39:08Z INFO ProcessInvokerWrapper]   Redirected STDIN: 'False'
[2025-05-14 05:39:08Z INFO ProcessInvokerWrapper]   Persist current code page: 'True'
[2025-05-14 05:39:08Z INFO ProcessInvokerWrapper]   Keep redirected STDIN open: 'False'
[2025-05-14 05:39:08Z INFO ProcessInvokerWrapper]   High priority process: 'False'
[2025-05-14 05:39:08Z INFO ProcessInvokerWrapper] Process started with process id 19028, waiting for process exit.
[2025-05-14 05:39:08Z INFO JobServerQueue] Try to append 1 batches web console lines for record '45c41f02-e244-5e65-e252-50a0c334bc2c', success rate: 1/1.
[2025-05-14 05:39:08Z INFO JobServerQueue] Got a step log file to send to results service.
[2025-05-14 05:39:08Z INFO JobServerQueue] Starting upload of step log file to results service ResultsLog, C:\Users\MOAWIZ\Desktop\travel-to-pakistan\actions-runner\_diag\blocks\628d4f2d-89e6-4644-a53f-a4bd729de69b_d2e91c51-2db7-4f31-aaf2-0b828ebb9e4f.1
[2025-05-14 05:39:08Z INFO JobServerQueue] Try to upload 1 log files or attachments, success rate: 1/1.
[2025-05-14 05:39:08Z INFO JobServerQueue] Try to append 1 batches web console lines for record '45c41f02-e244-5e65-e252-50a0c334bc2c', success rate: 1/1.
[2025-05-14 05:39:09Z INFO AddMaskCommandExtension] Add new secret mask with length of 76
[2025-05-14 05:39:09Z INFO JobServerQueue] Try to append 1 batches web console lines for record '45c41f02-e244-5e65-e252-50a0c334bc2c', success rate: 1/1.
[2025-05-14 05:39:09Z INFO JobServerQueue] Try to append 1 batches web console lines for record '45c41f02-e244-5e65-e252-50a0c334bc2c', success rate: 1/1.
[2025-05-14 05:39:09Z INFO JobServerQueue] Try to append 1 batches web console lines for record '45c41f02-e244-5e65-e252-50a0c334bc2c', success rate: 1/1.
[2025-05-14 05:39:10Z INFO JobServerQueue] Tried to upload 1 file(s) to results, success rate: 1/1.
[2025-05-14 05:39:11Z INFO JobServerQueue] Try to append 1 batches web console lines for record '45c41f02-e244-5e65-e252-50a0c334bc2c', success rate: 1/1.
[2025-05-14 05:39:11Z INFO JobServerQueue] Try to append 1 batches web console lines for record '45c41f02-e244-5e65-e252-50a0c334bc2c', success rate: 1/1.
[2025-05-14 05:39:11Z INFO JobServerQueue] Try to append 1 batches web console lines for record '45c41f02-e244-5e65-e252-50a0c334bc2c', success rate: 1/1.
[2025-05-14 05:39:12Z INFO JobServerQueue] Try to append 1 batches web console lines for record '45c41f02-e244-5e65-e252-50a0c334bc2c', success rate: 1/1.
[2025-05-14 05:39:12Z INFO JobServerQueue] Try to append 1 batches web console lines for record '45c41f02-e244-5e65-e252-50a0c334bc2c', success rate: 1/1.
[2025-05-14 05:39:13Z INFO JobServerQueue] Try to append 1 batches web console lines for record '45c41f02-e244-5e65-e252-50a0c334bc2c', success rate: 1/1.
[2025-05-14 05:39:13Z INFO JobServerQueue] Try to append 1 batches web console lines for record '45c41f02-e244-5e65-e252-50a0c334bc2c', success rate: 1/1.
[2025-05-14 05:39:15Z INFO JobServerQueue] Try to append 1 batches web console lines for record '45c41f02-e244-5e65-e252-50a0c334bc2c', success rate: 1/1.
[2025-05-14 05:39:17Z INFO HostContext] Well known directory 'Bin': 'C:\Users\MOAWIZ\Desktop\travel-to-pakistan\actions-runner\bin'
[2025-05-14 05:39:17Z INFO HostContext] Well known directory 'Root': 'C:\Users\MOAWIZ\Desktop\travel-to-pakistan\actions-runner'
[2025-05-14 05:39:17Z INFO HostContext] Well known directory 'Work': 'C:\Users\MOAWIZ\Desktop\travel-to-pakistan\actions-runner\_work'
[2025-05-14 05:39:27Z INFO HostContext] Well known directory 'Bin': 'C:\Users\MOAWIZ\Desktop\travel-to-pakistan\actions-runner\bin'
[2025-05-14 05:39:27Z INFO HostContext] Well known directory 'Root': 'C:\Users\MOAWIZ\Desktop\travel-to-pakistan\actions-runner'
[2025-05-14 05:39:27Z INFO HostContext] Well known directory 'Work': 'C:\Users\MOAWIZ\Desktop\travel-to-pakistan\actions-runner\_work'
[2025-05-14 05:39:37Z INFO HostContext] Well known directory 'Bin': 'C:\Users\MOAWIZ\Desktop\travel-to-pakistan\actions-runner\bin'
[2025-05-14 05:39:37Z INFO HostContext] Well known directory 'Root': 'C:\Users\MOAWIZ\Desktop\travel-to-pakistan\actions-runner'
[2025-05-14 05:39:37Z INFO HostContext] Well known directory 'Work': 'C:\Users\MOAWIZ\Desktop\travel-to-pakistan\actions-runner\_work'
[2025-05-14 05:39:47Z INFO HostContext] Well known directory 'Bin': 'C:\Users\MOAWIZ\Desktop\travel-to-pakistan\actions-runner\bin'
[2025-05-14 05:39:47Z INFO HostContext] Well known directory 'Root': 'C:\Users\MOAWIZ\Desktop\travel-to-pakistan\actions-runner'
[2025-05-14 05:39:47Z INFO HostContext] Well known directory 'Work': 'C:\Users\MOAWIZ\Desktop\travel-to-pakistan\actions-runner\_work'
[2025-05-14 05:39:57Z INFO HostContext] Well known directory 'Bin': 'C:\Users\MOAWIZ\Desktop\travel-to-pakistan\actions-runner\bin'
[2025-05-14 05:39:57Z INFO HostContext] Well known directory 'Root': 'C:\Users\MOAWIZ\Desktop\travel-to-pakistan\actions-runner'
[2025-05-14 05:39:57Z INFO HostContext] Well known directory 'Work': 'C:\Users\MOAWIZ\Desktop\travel-to-pakistan\actions-runner\_work'
[2025-05-14 05:40:03Z INFO JobServerQueue] Stop aggressive process web console line queue.
[2025-05-14 05:40:07Z INFO HostContext] Well known directory 'Bin': 'C:\Users\MOAWIZ\Desktop\travel-to-pakistan\actions-runner\bin'
[2025-05-14 05:40:07Z INFO HostContext] Well known directory 'Root': 'C:\Users\MOAWIZ\Desktop\travel-to-pakistan\actions-runner'
[2025-05-14 05:40:07Z INFO HostContext] Well known directory 'Work': 'C:\Users\MOAWIZ\Desktop\travel-to-pakistan\actions-runner\_work'
[2025-05-14 05:40:17Z INFO HostContext] Well known directory 'Bin': 'C:\Users\MOAWIZ\Desktop\travel-to-pakistan\actions-runner\bin'
[2025-05-14 05:40:17Z INFO HostContext] Well known directory 'Root': 'C:\Users\MOAWIZ\Desktop\travel-to-pakistan\actions-runner'
[2025-05-14 05:40:17Z INFO HostContext] Well known directory 'Work': 'C:\Users\MOAWIZ\Desktop\travel-to-pakistan\actions-runner\_work'
[2025-05-14 05:40:27Z INFO HostContext] Well known directory 'Bin': 'C:\Users\MOAWIZ\Desktop\travel-to-pakistan\actions-runner\bin'
[2025-05-14 05:40:27Z INFO HostContext] Well known directory 'Root': 'C:\Users\MOAWIZ\Desktop\travel-to-pakistan\actions-runner'
[2025-05-14 05:40:27Z INFO HostContext] Well known directory 'Work': 'C:\Users\MOAWIZ\Desktop\travel-to-pakistan\actions-runner\_work'
[2025-05-14 05:40:33Z INFO JobServerQueue] Try to append 1 batches web console lines for record '45c41f02-e244-5e65-e252-50a0c334bc2c', success rate: 1/1.
[2025-05-14 05:40:34Z INFO JobServerQueue] Try to append 1 batches web console lines for record '45c41f02-e244-5e65-e252-50a0c334bc2c', success rate: 1/1.
[2025-05-14 05:40:35Z INFO JobServerQueue] Try to append 1 batches web console lines for record '45c41f02-e244-5e65-e252-50a0c334bc2c', success rate: 1/1.
[2025-05-14 05:40:36Z INFO JobServerQueue] Try to append 1 batches web console lines for record '45c41f02-e244-5e65-e252-50a0c334bc2c', success rate: 1/1.
[2025-05-14 05:40:36Z INFO JobServerQueue] Try to append 1 batches web console lines for record '45c41f02-e244-5e65-e252-50a0c334bc2c', success rate: 1/1.
[2025-05-14 05:40:37Z INFO JobServerQueue] Try to append 1 batches web console lines for record '45c41f02-e244-5e65-e252-50a0c334bc2c', success rate: 1/1.
[2025-05-14 05:40:37Z INFO JobServerQueue] Try to append 1 batches web console lines for record '45c41f02-e244-5e65-e252-50a0c334bc2c', success rate: 1/1.
[2025-05-14 05:40:37Z INFO HostContext] Well known directory 'Bin': 'C:\Users\MOAWIZ\Desktop\travel-to-pakistan\actions-runner\bin'
[2025-05-14 05:40:37Z INFO HostContext] Well known directory 'Root': 'C:\Users\MOAWIZ\Desktop\travel-to-pakistan\actions-runner'
[2025-05-14 05:40:37Z INFO HostContext] Well known directory 'Work': 'C:\Users\MOAWIZ\Desktop\travel-to-pakistan\actions-runner\_work'
[2025-05-14 05:40:39Z INFO JobServerQueue] Try to append 1 batches web console lines for record '45c41f02-e244-5e65-e252-50a0c334bc2c', success rate: 1/1.
[2025-05-14 05:40:39Z INFO ProcessInvokerWrapper] STDOUT/STDERR stream read finished.
[2025-05-14 05:40:39Z INFO ProcessInvokerWrapper] STDOUT/STDERR stream read finished.
[2025-05-14 05:40:39Z INFO ProcessInvokerWrapper] Finished process 19028 with exit code 0, and elapsed time 00:01:31.2199698.
[2025-05-14 05:40:39Z INFO CreateStepSummaryCommand] Step Summary file (C:\Users\MOAWIZ\Desktop\travel-to-pakistan\actions-runner\_work\_temp\_runner_file_commands\step_summary_da2c5621-f725-4aff-829d-b786ea6ada96) is empty; skipping attachment upload
[2025-05-14 05:40:39Z INFO StepsRunner] Step result: 
[2025-05-14 05:40:39Z INFO ExecutionContext] Publish step telemetry for current step {
  "action": "actions/checkout",
  "ref": "v4",
  "type": "node20",
  "stage": "Main",
  "stepId": "45c41f02-e244-5e65-e252-50a0c334bc2c",
  "stepContextName": "__actions_checkout",
  "hasPreStep": false,
  "hasPostStep": true,
  "result": "succeeded",
  "errorMessages": [
    "no submodule mapping found in .gitmodules for path 'actions-runner/_work/Travel-TO-Pakistan-Tour/Travel-TO-Pakistan-Tour'",
    "Unable to clean or reset the repository. The repository will be recreated instead."
  ],
  "executionTimeInSeconds": 92,
  "startTime": "2025-05-14T05:39:07.9604238Z",
  "finishTime": "2025-05-14T05:40:39.3485074Z"
}.
[2025-05-14 05:40:39Z INFO StepsRunner] No need for updating job result with current step result 'Succeeded'.
[2025-05-14 05:40:39Z INFO StepsRunner] Current state: job state = ''
[2025-05-14 05:40:39Z INFO StepsRunner] Processing step: DisplayName='Log in to Docker Hub'
[2025-05-14 05:40:39Z INFO StepsRunner] Evaluating: success()
[2025-05-14 05:40:39Z INFO StepsRunner] Result: true
[2025-05-14 05:40:39Z INFO StepsRunner] Starting the step.
[2025-05-14 05:40:39Z INFO HostContext] Well known directory 'Bin': 'C:\Users\MOAWIZ\Desktop\travel-to-pakistan\actions-runner\bin'
[2025-05-14 05:40:39Z INFO HostContext] Well known directory 'Root': 'C:\Users\MOAWIZ\Desktop\travel-to-pakistan\actions-runner'
[2025-05-14 05:40:39Z INFO HostContext] Well known directory 'Work': 'C:\Users\MOAWIZ\Desktop\travel-to-pakistan\actions-runner\_work'
[2025-05-14 05:40:39Z INFO StepsRunner] Which2: 'chcp'
[2025-05-14 05:40:39Z INFO StepsRunner] Location: 'C:\Windows\system32\chcp.COM'
[2025-05-14 05:40:39Z INFO ProcessInvokerWrapper] Starting process:
[2025-05-14 05:40:39Z INFO ProcessInvokerWrapper]   File name: 'C:\Windows\system32\chcp.COM'
[2025-05-14 05:40:39Z INFO ProcessInvokerWrapper]   Arguments: '65001'
[2025-05-14 05:40:39Z INFO ProcessInvokerWrapper]   Working directory: 'C:\Users\MOAWIZ\Desktop\travel-to-pakistan\actions-runner\_work'
[2025-05-14 05:40:39Z INFO ProcessInvokerWrapper]   Require exit code zero: 'False'
[2025-05-14 05:40:39Z INFO ProcessInvokerWrapper]   Encoding web name:  ; code page: ''
[2025-05-14 05:40:39Z INFO ProcessInvokerWrapper]   Force kill process on cancellation: 'False'
[2025-05-14 05:40:39Z INFO ProcessInvokerWrapper]   Redirected STDIN: 'False'
[2025-05-14 05:40:39Z INFO ProcessInvokerWrapper]   Persist current code page: 'True'
[2025-05-14 05:40:39Z INFO ProcessInvokerWrapper]   Keep redirected STDIN open: 'False'
[2025-05-14 05:40:39Z INFO ProcessInvokerWrapper]   High priority process: 'False'
[2025-05-14 05:40:39Z INFO ProcessInvokerWrapper] Process started with process id 11864, waiting for process exit.
[2025-05-14 05:40:39Z INFO ProcessInvokerWrapper] STDOUT/STDERR stream read finished.
[2025-05-14 05:40:39Z INFO ProcessInvokerWrapper] STDOUT/STDERR stream read finished.
[2025-05-14 05:40:39Z INFO ProcessInvokerWrapper] Finished process 11864 with exit code 0, and elapsed time 00:00:00.0192063.
[2025-05-14 05:40:39Z INFO StepsRunner] Successfully returned to code page 65001 (UTF8)
[2025-05-14 05:40:39Z INFO HostContext] Well known directory 'Bin': 'C:\Users\MOAWIZ\Desktop\travel-to-pakistan\actions-runner\bin'
[2025-05-14 05:40:39Z INFO HostContext] Well known directory 'Root': 'C:\Users\MOAWIZ\Desktop\travel-to-pakistan\actions-runner'
[2025-05-14 05:40:39Z INFO HostContext] Well known directory 'Work': 'C:\Users\MOAWIZ\Desktop\travel-to-pakistan\actions-runner\_work'
[2025-05-14 05:40:39Z INFO HostContext] Well known directory 'Actions': 'C:\Users\MOAWIZ\Desktop\travel-to-pakistan\actions-runner\_work\_actions'
[2025-05-14 05:40:39Z INFO ActionManager] Load action that reference repository from 'C:\Users\MOAWIZ\Desktop\travel-to-pakistan\actions-runner\_work\_actions\docker\login-action\v3'
[2025-05-14 05:40:39Z INFO HostContext] Well known directory 'Bin': 'C:\Users\MOAWIZ\Desktop\travel-to-pakistan\actions-runner\bin'
[2025-05-14 05:40:39Z INFO HostContext] Well known directory 'Root': 'C:\Users\MOAWIZ\Desktop\travel-to-pakistan\actions-runner'
[2025-05-14 05:40:39Z INFO HostContext] Well known directory 'Work': 'C:\Users\MOAWIZ\Desktop\travel-to-pakistan\actions-runner\_work'
[2025-05-14 05:40:39Z INFO HostContext] Well known directory 'Actions': 'C:\Users\MOAWIZ\Desktop\travel-to-pakistan\actions-runner\_work\_actions'
[2025-05-14 05:40:39Z INFO ActionManifestManager] Ignore action property author.
[2025-05-14 05:40:39Z INFO ActionManifestManager] Ignore action property branding.
[2025-05-14 05:40:39Z INFO ActionManifestManager] Loaded action.yml file: {
  "name": "Docker Login",
  "description": "GitHub Action to login against a Docker registry",
  "inputs": {
    "type": 2,
    "map": [
      {
        "key": {
          "type": 0,
          "file": 3,
          "line": 10,
          "col": 3,
          "lit": "registry"
        },
        "value": ""
      },
      {
        "key": {
          "type": 0,
          "file": 3,
          "line": 13,
          "col": 3,
          "lit": "username"
        },
        "value": ""
      },
      {
        "key": {
          "type": 0,
          "file": 3,
          "line": 16,
          "col": 3,
          "lit": "password"
        },
        "value": ""
      },
      {
        "key": {
          "type": 0,
          "file": 3,
          "line": 19,
          "col": 3,
          "lit": "ecr"
        },
        "value": {
          "type": 0,
          "file": 3,
          "line": 21,
          "col": 14,
          "lit": "auto"
        }
      },
      {
        "key": {
          "type": 0,
          "file": 3,
          "line": 23,
          "col": 3,
          "lit": "logout"
        },
        "value": {
          "type": 0,
          "file": 3,
          "line": 25,
          "col": 14,
          "lit": "true"
        }
      }
    ]
  },
  "execution": {
    "executionType": "nodeJS",
    "hasPre": false,
    "hasPost": true,
    "script": "dist/index.js",
    "pre": null,
    "post": "dist/index.js",
    "nodeVersion": "node20",
    "cleanupCondition": "always()",
    "initCondition": "always()"
  },
  "deprecated": null
}
[2025-05-14 05:40:39Z INFO ActionManager] Action pre node.js file: N/A.
[2025-05-14 05:40:39Z INFO ActionManager] Action node.js file: dist/index.js.
[2025-05-14 05:40:39Z INFO ActionManager] Action post node.js file: dist/index.js.
[2025-05-14 05:40:39Z INFO HostContext] Well known directory 'Bin': 'C:\Users\MOAWIZ\Desktop\travel-to-pakistan\actions-runner\bin'
[2025-05-14 05:40:39Z INFO HostContext] Well known directory 'Root': 'C:\Users\MOAWIZ\Desktop\travel-to-pakistan\actions-runner'
[2025-05-14 05:40:39Z INFO HostContext] Well known directory 'Diag': 'C:\Users\MOAWIZ\Desktop\travel-to-pakistan\actions-runner\_diag'
[2025-05-14 05:40:39Z INFO HostContext] Well known directory 'Bin': 'C:\Users\MOAWIZ\Desktop\travel-to-pakistan\actions-runner\bin'
[2025-05-14 05:40:39Z INFO HostContext] Well known directory 'Root': 'C:\Users\MOAWIZ\Desktop\travel-to-pakistan\actions-runner'
[2025-05-14 05:40:39Z INFO HostContext] Well known directory 'Diag': 'C:\Users\MOAWIZ\Desktop\travel-to-pakistan\actions-runner\_diag'
[2025-05-14 05:40:39Z INFO HostContext] Well known directory 'Bin': 'C:\Users\MOAWIZ\Desktop\travel-to-pakistan\actions-runner\bin'
[2025-05-14 05:40:39Z INFO HostContext] Well known directory 'Root': 'C:\Users\MOAWIZ\Desktop\travel-to-pakistan\actions-runner'
[2025-05-14 05:40:39Z INFO HostContext] Well known directory 'Work': 'C:\Users\MOAWIZ\Desktop\travel-to-pakistan\actions-runner\_work'
[2025-05-14 05:40:39Z INFO HostContext] Well known directory 'Temp': 'C:\Users\MOAWIZ\Desktop\travel-to-pakistan\actions-runner\_work\_temp'
[2025-05-14 05:40:39Z INFO ExecutionContext] Write event payload to C:\Users\MOAWIZ\Desktop\travel-to-pakistan\actions-runner\_work\_temp\_github_workflow\event.json
[2025-05-14 05:40:39Z INFO HostContext] Well known directory 'Bin': 'C:\Users\MOAWIZ\Desktop\travel-to-pakistan\actions-runner\bin'
[2025-05-14 05:40:39Z INFO HostContext] Well known directory 'Root': 'C:\Users\MOAWIZ\Desktop\travel-to-pakistan\actions-runner'
[2025-05-14 05:40:39Z INFO HostContext] Well known directory 'Work': 'C:\Users\MOAWIZ\Desktop\travel-to-pakistan\actions-runner\_work'
[2025-05-14 05:40:39Z INFO HostContext] Well known directory 'Temp': 'C:\Users\MOAWIZ\Desktop\travel-to-pakistan\actions-runner\_work\_temp'
[2025-05-14 05:40:39Z INFO ExtensionManager] Getting extensions for interface: 'GitHub.Runner.Worker.IFileCommandExtension'
[2025-05-14 05:40:39Z INFO ActionManifestManager] Input 'registry': default value evaluate result: ""
[2025-05-14 05:40:39Z INFO ActionManifestManager] Input 'ecr': default value evaluate result: {
  "type": 0,
  "file": 3,
  "line": 21,
  "col": 14,
  "lit": "auto"
}
[2025-05-14 05:40:39Z INFO ActionManifestManager] Input 'logout': default value evaluate result: {
  "type": 0,
  "file": 3,
  "line": 25,
  "col": 14,
  "lit": "true"
}
[2025-05-14 05:40:39Z INFO ExtensionManager] Getting extensions for interface: 'GitHub.Runner.Worker.IActionCommandExtension'
[2025-05-14 05:40:39Z INFO ActionCommandManager] Register action command extension for command internal-set-repo-path
[2025-05-14 05:40:39Z INFO ActionCommandManager] Register action command extension for command set-env
[2025-05-14 05:40:39Z INFO ActionCommandManager] Register action command extension for command set-output
[2025-05-14 05:40:39Z INFO ActionCommandManager] Register action command extension for command save-state
[2025-05-14 05:40:39Z INFO ActionCommandManager] Register action command extension for command add-path
[2025-05-14 05:40:39Z INFO ActionCommandManager] Register action command extension for command add-mask
[2025-05-14 05:40:39Z INFO ActionCommandManager] Register action command extension for command add-matcher
[2025-05-14 05:40:39Z INFO ActionCommandManager] Register action command extension for command remove-matcher
[2025-05-14 05:40:39Z INFO ActionCommandManager] Register action command extension for command warning
[2025-05-14 05:40:39Z INFO ActionCommandManager] Register action command extension for command error
[2025-05-14 05:40:39Z INFO ActionCommandManager] Register action command extension for command notice
[2025-05-14 05:40:39Z INFO ActionCommandManager] Register action command extension for command debug
[2025-05-14 05:40:39Z INFO ActionCommandManager] Register action command extension for command group
[2025-05-14 05:40:39Z INFO ActionCommandManager] Register action command extension for command endgroup
[2025-05-14 05:40:39Z INFO ActionCommandManager] Register action command extension for command echo
[2025-05-14 05:40:39Z INFO HostContext] Well known directory 'Bin': 'C:\Users\MOAWIZ\Desktop\travel-to-pakistan\actions-runner\bin'
[2025-05-14 05:40:39Z INFO HostContext] Well known directory 'Root': 'C:\Users\MOAWIZ\Desktop\travel-to-pakistan\actions-runner'
[2025-05-14 05:40:39Z INFO HostContext] Well known directory 'Externals': 'C:\Users\MOAWIZ\Desktop\travel-to-pakistan\actions-runner\externals'
[2025-05-14 05:40:39Z INFO ProcessInvokerWrapper] Starting process:
[2025-05-14 05:40:39Z INFO ProcessInvokerWrapper]   File name: 'C:\Users\MOAWIZ\Desktop\travel-to-pakistan\actions-runner\externals\node20\bin\node.exe'
[2025-05-14 05:40:39Z INFO ProcessInvokerWrapper]   Arguments: '"C:\Users\MOAWIZ\Desktop\travel-to-pakistan\actions-runner\_work\_actions\docker\login-action\v3\dist/index.js"'
[2025-05-14 05:40:39Z INFO ProcessInvokerWrapper]   Working directory: 'C:\Users\MOAWIZ\Desktop\travel-to-pakistan\actions-runner\_work\Travel-TO-Pakistan-Tour\Travel-TO-Pakistan-Tour'
[2025-05-14 05:40:39Z INFO ProcessInvokerWrapper]   Require exit code zero: 'False'
[2025-05-14 05:40:39Z INFO ProcessInvokerWrapper]   Encoding web name: utf-8 ; code page: '65001'
[2025-05-14 05:40:39Z INFO ProcessInvokerWrapper]   Force kill process on cancellation: 'False'
[2025-05-14 05:40:39Z INFO ProcessInvokerWrapper]   Redirected STDIN: 'False'
[2025-05-14 05:40:39Z INFO ProcessInvokerWrapper]   Persist current code page: 'True'
[2025-05-14 05:40:39Z INFO ProcessInvokerWrapper]   Keep redirected STDIN open: 'False'
[2025-05-14 05:40:39Z INFO ProcessInvokerWrapper]   High priority process: 'False'
[2025-05-14 05:40:39Z INFO ProcessInvokerWrapper] Process started with process id 19744, waiting for process exit.
[2025-05-14 05:40:39Z INFO JobServerQueue] Try to append 1 batches web console lines for record '45c41f02-e244-5e65-e252-50a0c334bc2c', success rate: 1/1.
[2025-05-14 05:40:39Z INFO JobServerQueue] Try to append 1 batches web console lines for record '95c2132d-0f3f-5979-5e18-2d01e5221daf', success rate: 1/1.
[2025-05-14 05:40:39Z INFO JobServerQueue] Got a step log file to send to results service.
[2025-05-14 05:40:39Z INFO JobServerQueue] Starting upload of step log file to results service ResultsLog, C:\Users\MOAWIZ\Desktop\travel-to-pakistan\actions-runner\_diag\blocks\628d4f2d-89e6-4644-a53f-a4bd729de69b_45c41f02-e244-5e65-e252-50a0c334bc2c.1
[2025-05-14 05:40:40Z INFO JobServerQueue] Try to append 1 batches web console lines for record '95c2132d-0f3f-5979-5e18-2d01e5221daf', success rate: 1/1.
[2025-05-14 05:40:40Z INFO JobServerQueue] Try to upload 1 log files or attachments, success rate: 1/1.
[2025-05-14 05:40:41Z INFO JobServerQueue] Tried to upload 1 file(s) to results, success rate: 1/1.
[2025-05-14 05:40:47Z INFO HostContext] Well known directory 'Bin': 'C:\Users\MOAWIZ\Desktop\travel-to-pakistan\actions-runner\bin'
[2025-05-14 05:40:47Z INFO HostContext] Well known directory 'Root': 'C:\Users\MOAWIZ\Desktop\travel-to-pakistan\actions-runner'
[2025-05-14 05:40:47Z INFO HostContext] Well known directory 'Work': 'C:\Users\MOAWIZ\Desktop\travel-to-pakistan\actions-runner\_work'
[2025-05-14 05:40:57Z INFO HostContext] Well known directory 'Bin': 'C:\Users\MOAWIZ\Desktop\travel-to-pakistan\actions-runner\bin'
[2025-05-14 05:40:57Z INFO HostContext] Well known directory 'Root': 'C:\Users\MOAWIZ\Desktop\travel-to-pakistan\actions-runner'
[2025-05-14 05:40:57Z INFO HostContext] Well known directory 'Work': 'C:\Users\MOAWIZ\Desktop\travel-to-pakistan\actions-runner\_work'
[2025-05-14 05:41:02Z INFO ProcessInvokerWrapper] STDOUT/STDERR stream read finished.
[2025-05-14 05:41:02Z INFO ProcessInvokerWrapper] STDOUT/STDERR stream read finished.
[2025-05-14 05:41:02Z INFO ProcessInvokerWrapper] Finished process 19744 with exit code 1, and elapsed time 00:00:23.4211122.
[2025-05-14 05:41:02Z INFO CreateStepSummaryCommand] Step Summary file (C:\Users\MOAWIZ\Desktop\travel-to-pakistan\actions-runner\_work\_temp\_runner_file_commands\step_summary_ebeda895-417b-4000-bb61-9eaa1b770155) is empty; skipping attachment upload
[2025-05-14 05:41:02Z INFO StepsRunner] Step result: Failed
[2025-05-14 05:41:02Z INFO ExecutionContext] Publish step telemetry for current step {
  "action": "docker/login-action",
  "ref": "v3",
  "type": "node20",
  "stage": "Main",
  "stepId": "95c2132d-0f3f-5979-5e18-2d01e5221daf",
  "stepContextName": "__docker_login-action",
  "hasPreStep": false,
  "hasPostStep": true,
  "result": "failed",
  "errorMessages": [
    "Post \"https://172.26.254.203:2376/v1.48/auth\": dial tcp 172.26.254.203:2376: i/o timeout"
  ],
  "executionTimeInSeconds": 24,
  "startTime": "2025-05-14T05:40:39.3521889Z",
  "finishTime": "2025-05-14T05:41:02.8314001Z"
}.
[2025-05-14 05:41:02Z INFO StepsRunner] Update job result with current step result 'Failed'.
[2025-05-14 05:41:02Z INFO StepsRunner] Current state: job state = 'Failed'
[2025-05-14 05:41:02Z INFO StepsRunner] Processing step: DisplayName='Create Docker Hub Pull Secret'
[2025-05-14 05:41:02Z INFO StepsRunner] Evaluating: success()
[2025-05-14 05:41:02Z INFO StepsRunner] Result: false
[2025-05-14 05:41:02Z INFO StepsRunner] Skipping step due to condition evaluation.
[2025-05-14 05:41:02Z INFO StepsRunner] No need for updating job result with current step result 'Skipped'.
[2025-05-14 05:41:02Z INFO StepsRunner] Current state: job state = 'Failed'
[2025-05-14 05:41:02Z INFO StepsRunner] Processing step: DisplayName='Create Google Secrets for Backend'
[2025-05-14 05:41:02Z INFO StepsRunner] Evaluating: success()
[2025-05-14 05:41:02Z INFO StepsRunner] Result: false
[2025-05-14 05:41:02Z INFO StepsRunner] Skipping step due to condition evaluation.
[2025-05-14 05:41:02Z INFO StepsRunner] No need for updating job result with current step result 'Skipped'.
[2025-05-14 05:41:02Z INFO StepsRunner] Current state: job state = 'Failed'
[2025-05-14 05:41:02Z INFO StepsRunner] Processing step: DisplayName='Deploy to Minikube'
[2025-05-14 05:41:02Z INFO StepsRunner] Evaluating: success()
[2025-05-14 05:41:02Z INFO StepsRunner] Result: false
[2025-05-14 05:41:02Z INFO StepsRunner] Skipping step due to condition evaluation.
[2025-05-14 05:41:02Z INFO StepsRunner] No need for updating job result with current step result 'Skipped'.
[2025-05-14 05:41:02Z INFO StepsRunner] Current state: job state = 'Failed'
[2025-05-14 05:41:02Z INFO StepsRunner] Processing step: DisplayName='Post Log in to Docker Hub'
[2025-05-14 05:41:02Z INFO StepsRunner] Evaluating: always()
[2025-05-14 05:41:02Z INFO StepsRunner] Result: true
[2025-05-14 05:41:02Z INFO StepsRunner] Starting the step.
[2025-05-14 05:41:02Z INFO HostContext] Well known directory 'Bin': 'C:\Users\MOAWIZ\Desktop\travel-to-pakistan\actions-runner\bin'
[2025-05-14 05:41:02Z INFO HostContext] Well known directory 'Root': 'C:\Users\MOAWIZ\Desktop\travel-to-pakistan\actions-runner'
[2025-05-14 05:41:02Z INFO HostContext] Well known directory 'Work': 'C:\Users\MOAWIZ\Desktop\travel-to-pakistan\actions-runner\_work'
[2025-05-14 05:41:02Z INFO StepsRunner] Which2: 'chcp'
[2025-05-14 05:41:02Z INFO StepsRunner] Location: 'C:\Windows\system32\chcp.COM'
[2025-05-14 05:41:02Z INFO ProcessInvokerWrapper] Starting process:
[2025-05-14 05:41:02Z INFO ProcessInvokerWrapper]   File name: 'C:\Windows\system32\chcp.COM'
[2025-05-14 05:41:02Z INFO ProcessInvokerWrapper]   Arguments: '65001'
[2025-05-14 05:41:02Z INFO ProcessInvokerWrapper]   Working directory: 'C:\Users\MOAWIZ\Desktop\travel-to-pakistan\actions-runner\_work'
[2025-05-14 05:41:02Z INFO ProcessInvokerWrapper]   Require exit code zero: 'False'
[2025-05-14 05:41:02Z INFO ProcessInvokerWrapper]   Encoding web name:  ; code page: ''
[2025-05-14 05:41:02Z INFO ProcessInvokerWrapper]   Force kill process on cancellation: 'False'
[2025-05-14 05:41:02Z INFO ProcessInvokerWrapper]   Redirected STDIN: 'False'
[2025-05-14 05:41:02Z INFO ProcessInvokerWrapper]   Persist current code page: 'True'
[2025-05-14 05:41:02Z INFO ProcessInvokerWrapper]   Keep redirected STDIN open: 'False'
[2025-05-14 05:41:02Z INFO ProcessInvokerWrapper]   High priority process: 'False'
[2025-05-14 05:41:02Z INFO ProcessInvokerWrapper] Process started with process id 24148, waiting for process exit.
[2025-05-14 05:41:02Z INFO ProcessInvokerWrapper] STDOUT/STDERR stream read finished.
[2025-05-14 05:41:02Z INFO ProcessInvokerWrapper] STDOUT/STDERR stream read finished.
[2025-05-14 05:41:02Z INFO ProcessInvokerWrapper] Finished process 24148 with exit code 0, and elapsed time 00:00:00.0419988.
[2025-05-14 05:41:02Z INFO StepsRunner] Successfully returned to code page 65001 (UTF8)
[2025-05-14 05:41:02Z INFO HostContext] Well known directory 'Bin': 'C:\Users\MOAWIZ\Desktop\travel-to-pakistan\actions-runner\bin'
[2025-05-14 05:41:02Z INFO HostContext] Well known directory 'Root': 'C:\Users\MOAWIZ\Desktop\travel-to-pakistan\actions-runner'
[2025-05-14 05:41:02Z INFO HostContext] Well known directory 'Work': 'C:\Users\MOAWIZ\Desktop\travel-to-pakistan\actions-runner\_work'
[2025-05-14 05:41:02Z INFO HostContext] Well known directory 'Actions': 'C:\Users\MOAWIZ\Desktop\travel-to-pakistan\actions-runner\_work\_actions'
[2025-05-14 05:41:02Z INFO ActionManager] Load action that reference repository from 'C:\Users\MOAWIZ\Desktop\travel-to-pakistan\actions-runner\_work\_actions\docker\login-action\v3'
[2025-05-14 05:41:02Z INFO HostContext] Well known directory 'Bin': 'C:\Users\MOAWIZ\Desktop\travel-to-pakistan\actions-runner\bin'
[2025-05-14 05:41:02Z INFO HostContext] Well known directory 'Root': 'C:\Users\MOAWIZ\Desktop\travel-to-pakistan\actions-runner'
[2025-05-14 05:41:02Z INFO HostContext] Well known directory 'Work': 'C:\Users\MOAWIZ\Desktop\travel-to-pakistan\actions-runner\_work'
[2025-05-14 05:41:02Z INFO HostContext] Well known directory 'Actions': 'C:\Users\MOAWIZ\Desktop\travel-to-pakistan\actions-runner\_work\_actions'
[2025-05-14 05:41:02Z INFO ActionManifestManager] Ignore action property author.
[2025-05-14 05:41:02Z INFO ActionManifestManager] Ignore action property branding.
[2025-05-14 05:41:02Z INFO ActionManifestManager] Loaded action.yml file: {
  "name": "Docker Login",
  "description": "GitHub Action to login against a Docker registry",
  "inputs": {
    "type": 2,
    "map": [
      {
        "key": {
          "type": 0,
          "file": 3,
          "line": 10,
          "col": 3,
          "lit": "registry"
        },
        "value": ""
      },
      {
        "key": {
          "type": 0,
          "file": 3,
          "line": 13,
          "col": 3,
          "lit": "username"
        },
        "value": ""
      },
      {
        "key": {
          "type": 0,
          "file": 3,
          "line": 16,
          "col": 3,
          "lit": "password"
        },
        "value": ""
      },
      {
        "key": {
          "type": 0,
          "file": 3,
          "line": 19,
          "col": 3,
          "lit": "ecr"
        },
        "value": {
          "type": 0,
          "file": 3,
          "line": 21,
          "col": 14,
          "lit": "auto"
        }
      },
      {
        "key": {
          "type": 0,
          "file": 3,
          "line": 23,
          "col": 3,
          "lit": "logout"
        },
        "value": {
          "type": 0,
          "file": 3,
          "line": 25,
          "col": 14,
          "lit": "true"
        }
      }
    ]
  },
  "execution": {
    "executionType": "nodeJS",
    "hasPre": false,
    "hasPost": true,
    "script": "dist/index.js",
    "pre": null,
    "post": "dist/index.js",
    "nodeVersion": "node20",
    "cleanupCondition": "always()",
    "initCondition": "always()"
  },
  "deprecated": null
}
[2025-05-14 05:41:02Z INFO ActionManager] Action pre node.js file: N/A.
[2025-05-14 05:41:02Z INFO ActionManager] Action node.js file: dist/index.js.
[2025-05-14 05:41:02Z INFO ActionManager] Action post node.js file: dist/index.js.
[2025-05-14 05:41:02Z INFO HostContext] Well known directory 'Bin': 'C:\Users\MOAWIZ\Desktop\travel-to-pakistan\actions-runner\bin'
[2025-05-14 05:41:02Z INFO HostContext] Well known directory 'Root': 'C:\Users\MOAWIZ\Desktop\travel-to-pakistan\actions-runner'
[2025-05-14 05:41:02Z INFO HostContext] Well known directory 'Work': 'C:\Users\MOAWIZ\Desktop\travel-to-pakistan\actions-runner\_work'
[2025-05-14 05:41:02Z INFO HostContext] Well known directory 'Temp': 'C:\Users\MOAWIZ\Desktop\travel-to-pakistan\actions-runner\_work\_temp'
[2025-05-14 05:41:02Z INFO ExecutionContext] Write event payload to C:\Users\MOAWIZ\Desktop\travel-to-pakistan\actions-runner\_work\_temp\_github_workflow\event.json
[2025-05-14 05:41:02Z INFO HostContext] Well known directory 'Bin': 'C:\Users\MOAWIZ\Desktop\travel-to-pakistan\actions-runner\bin'
[2025-05-14 05:41:02Z INFO HostContext] Well known directory 'Root': 'C:\Users\MOAWIZ\Desktop\travel-to-pakistan\actions-runner'
[2025-05-14 05:41:02Z INFO HostContext] Well known directory 'Work': 'C:\Users\MOAWIZ\Desktop\travel-to-pakistan\actions-runner\_work'
[2025-05-14 05:41:02Z INFO HostContext] Well known directory 'Temp': 'C:\Users\MOAWIZ\Desktop\travel-to-pakistan\actions-runner\_work\_temp'
[2025-05-14 05:41:02Z INFO ExtensionManager] Getting extensions for interface: 'GitHub.Runner.Worker.IFileCommandExtension'
[2025-05-14 05:41:02Z INFO ActionManifestManager] Input 'registry': default value evaluate result: ""
[2025-05-14 05:41:02Z INFO ActionManifestManager] Input 'ecr': default value evaluate result: {
  "type": 0,
  "file": 3,
  "line": 21,
  "col": 14,
  "lit": "auto"
}
[2025-05-14 05:41:02Z INFO ActionManifestManager] Input 'logout': default value evaluate result: {
  "type": 0,
  "file": 3,
  "line": 25,
  "col": 14,
  "lit": "true"
}
[2025-05-14 05:41:02Z INFO ExtensionManager] Getting extensions for interface: 'GitHub.Runner.Worker.IActionCommandExtension'
[2025-05-14 05:41:02Z INFO ActionCommandManager] Register action command extension for command internal-set-repo-path
[2025-05-14 05:41:02Z INFO ActionCommandManager] Register action command extension for command set-env
[2025-05-14 05:41:02Z INFO ActionCommandManager] Register action command extension for command set-output
[2025-05-14 05:41:02Z INFO ActionCommandManager] Register action command extension for command save-state
[2025-05-14 05:41:02Z INFO ActionCommandManager] Register action command extension for command add-path
[2025-05-14 05:41:02Z INFO ActionCommandManager] Register action command extension for command add-mask
[2025-05-14 05:41:02Z INFO ActionCommandManager] Register action command extension for command add-matcher
[2025-05-14 05:41:02Z INFO ActionCommandManager] Register action command extension for command remove-matcher
[2025-05-14 05:41:02Z INFO ActionCommandManager] Register action command extension for command warning
[2025-05-14 05:41:02Z INFO ActionCommandManager] Register action command extension for command error
[2025-05-14 05:41:02Z INFO ActionCommandManager] Register action command extension for command notice
[2025-05-14 05:41:02Z INFO ActionCommandManager] Register action command extension for command debug
[2025-05-14 05:41:02Z INFO ActionCommandManager] Register action command extension for command group
[2025-05-14 05:41:02Z INFO ActionCommandManager] Register action command extension for command endgroup
[2025-05-14 05:41:02Z INFO ActionCommandManager] Register action command extension for command echo
[2025-05-14 05:41:02Z INFO HostContext] Well known directory 'Bin': 'C:\Users\MOAWIZ\Desktop\travel-to-pakistan\actions-runner\bin'
[2025-05-14 05:41:02Z INFO HostContext] Well known directory 'Root': 'C:\Users\MOAWIZ\Desktop\travel-to-pakistan\actions-runner'
[2025-05-14 05:41:02Z INFO HostContext] Well known directory 'Externals': 'C:\Users\MOAWIZ\Desktop\travel-to-pakistan\actions-runner\externals'
[2025-05-14 05:41:02Z INFO ProcessInvokerWrapper] Starting process:
[2025-05-14 05:41:02Z INFO ProcessInvokerWrapper]   File name: 'C:\Users\MOAWIZ\Desktop\travel-to-pakistan\actions-runner\externals\node20\bin\node.exe'
[2025-05-14 05:41:02Z INFO ProcessInvokerWrapper]   Arguments: '"C:\Users\MOAWIZ\Desktop\travel-to-pakistan\actions-runner\_work\_actions\docker\login-action\v3\dist/index.js"'
[2025-05-14 05:41:02Z INFO ProcessInvokerWrapper]   Working directory: 'C:\Users\MOAWIZ\Desktop\travel-to-pakistan\actions-runner\_work\Travel-TO-Pakistan-Tour\Travel-TO-Pakistan-Tour'
[2025-05-14 05:41:02Z INFO ProcessInvokerWrapper]   Require exit code zero: 'False'
[2025-05-14 05:41:02Z INFO ProcessInvokerWrapper]   Encoding web name: utf-8 ; code page: '65001'
[2025-05-14 05:41:02Z INFO ProcessInvokerWrapper]   Force kill process on cancellation: 'False'
[2025-05-14 05:41:02Z INFO ProcessInvokerWrapper]   Redirected STDIN: 'False'
[2025-05-14 05:41:02Z INFO ProcessInvokerWrapper]   Persist current code page: 'True'
[2025-05-14 05:41:02Z INFO ProcessInvokerWrapper]   Keep redirected STDIN open: 'False'
[2025-05-14 05:41:02Z INFO ProcessInvokerWrapper]   High priority process: 'False'
[2025-05-14 05:41:02Z INFO ProcessInvokerWrapper] Process started with process id 28940, waiting for process exit.
[2025-05-14 05:41:03Z INFO JobServerQueue] Try to append 1 batches web console lines for record '95c2132d-0f3f-5979-5e18-2d01e5221daf', success rate: 1/1.
[2025-05-14 05:41:03Z INFO JobServerQueue] Try to append 1 batches web console lines for record '72dbe636-ee9b-4713-b5e7-fb62cf17a065', success rate: 1/1.
[2025-05-14 05:41:03Z INFO JobServerQueue] Got a step log file to send to results service.
[2025-05-14 05:41:03Z INFO JobServerQueue] Starting upload of step log file to results service ResultsLog, C:\Users\MOAWIZ\Desktop\travel-to-pakistan\actions-runner\_diag\blocks\628d4f2d-89e6-4644-a53f-a4bd729de69b_95c2132d-0f3f-5979-5e18-2d01e5221daf.1
[2025-05-14 05:41:03Z INFO JobServerQueue] Try to upload 1 log files or attachments, success rate: 1/1.
[2025-05-14 05:41:03Z INFO JobServerQueue] Tried to upload 1 file(s) to results, success rate: 1/1.
[2025-05-14 05:41:04Z INFO JobServerQueue] Try to append 1 batches web console lines for record '72dbe636-ee9b-4713-b5e7-fb62cf17a065', success rate: 1/1.
[2025-05-14 05:41:04Z INFO ProcessInvokerWrapper] STDOUT/STDERR stream read finished.
[2025-05-14 05:41:04Z INFO ProcessInvokerWrapper] STDOUT/STDERR stream read finished.
[2025-05-14 05:41:04Z INFO ProcessInvokerWrapper] Finished process 28940 with exit code 0, and elapsed time 00:00:01.3645128.
[2025-05-14 05:41:04Z INFO CreateStepSummaryCommand] Step Summary file (C:\Users\MOAWIZ\Desktop\travel-to-pakistan\actions-runner\_work\_temp\_runner_file_commands\step_summary_ef445bd1-4e7e-423d-ad86-a24870289070) is empty; skipping attachment upload
[2025-05-14 05:41:04Z INFO StepsRunner] Step result: 
[2025-05-14 05:41:04Z INFO ExecutionContext] Publish step telemetry for current step {
  "action": "docker/login-action",
  "ref": "v3",
  "type": "node20",
  "stage": "Post",
  "stepId": "72dbe636-ee9b-4713-b5e7-fb62cf17a065",
  "result": "succeeded",
  "errorMessages": [],
  "executionTimeInSeconds": 2,
  "startTime": "2025-05-14T05:41:02.8457161Z",
  "finishTime": "2025-05-14T05:41:04.3099252Z"
}.
[2025-05-14 05:41:04Z INFO StepsRunner] No need for updating job result with current step result 'Succeeded'.
[2025-05-14 05:41:04Z INFO StepsRunner] Current state: job state = 'Failed'
[2025-05-14 05:41:04Z INFO StepsRunner] Processing step: DisplayName='Post Checkout code'
[2025-05-14 05:41:04Z INFO StepsRunner] Evaluating: always()
[2025-05-14 05:41:04Z INFO StepsRunner] Result: true
[2025-05-14 05:41:04Z INFO StepsRunner] Starting the step.
[2025-05-14 05:41:04Z INFO HostContext] Well known directory 'Bin': 'C:\Users\MOAWIZ\Desktop\travel-to-pakistan\actions-runner\bin'
[2025-05-14 05:41:04Z INFO HostContext] Well known directory 'Root': 'C:\Users\MOAWIZ\Desktop\travel-to-pakistan\actions-runner'
[2025-05-14 05:41:04Z INFO HostContext] Well known directory 'Work': 'C:\Users\MOAWIZ\Desktop\travel-to-pakistan\actions-runner\_work'
[2025-05-14 05:41:04Z INFO StepsRunner] Which2: 'chcp'
[2025-05-14 05:41:04Z INFO StepsRunner] Location: 'C:\Windows\system32\chcp.COM'
[2025-05-14 05:41:04Z INFO ProcessInvokerWrapper] Starting process:
[2025-05-14 05:41:04Z INFO ProcessInvokerWrapper]   File name: 'C:\Windows\system32\chcp.COM'
[2025-05-14 05:41:04Z INFO ProcessInvokerWrapper]   Arguments: '65001'
[2025-05-14 05:41:04Z INFO ProcessInvokerWrapper]   Working directory: 'C:\Users\MOAWIZ\Desktop\travel-to-pakistan\actions-runner\_work'
[2025-05-14 05:41:04Z INFO ProcessInvokerWrapper]   Require exit code zero: 'False'
[2025-05-14 05:41:04Z INFO ProcessInvokerWrapper]   Encoding web name:  ; code page: ''
[2025-05-14 05:41:04Z INFO ProcessInvokerWrapper]   Force kill process on cancellation: 'False'
[2025-05-14 05:41:04Z INFO ProcessInvokerWrapper]   Redirected STDIN: 'False'
[2025-05-14 05:41:04Z INFO ProcessInvokerWrapper]   Persist current code page: 'True'
[2025-05-14 05:41:04Z INFO ProcessInvokerWrapper]   Keep redirected STDIN open: 'False'
[2025-05-14 05:41:04Z INFO ProcessInvokerWrapper]   High priority process: 'False'
[2025-05-14 05:41:04Z INFO ProcessInvokerWrapper] Process started with process id 9088, waiting for process exit.
[2025-05-14 05:41:04Z INFO ProcessInvokerWrapper] STDOUT/STDERR stream read finished.
[2025-05-14 05:41:04Z INFO ProcessInvokerWrapper] STDOUT/STDERR stream read finished.
[2025-05-14 05:41:04Z INFO ProcessInvokerWrapper] Finished process 9088 with exit code 0, and elapsed time 00:00:00.0164310.
[2025-05-14 05:41:04Z INFO StepsRunner] Successfully returned to code page 65001 (UTF8)
[2025-05-14 05:41:04Z INFO HostContext] Well known directory 'Bin': 'C:\Users\MOAWIZ\Desktop\travel-to-pakistan\actions-runner\bin'
[2025-05-14 05:41:04Z INFO HostContext] Well known directory 'Root': 'C:\Users\MOAWIZ\Desktop\travel-to-pakistan\actions-runner'
[2025-05-14 05:41:04Z INFO HostContext] Well known directory 'Work': 'C:\Users\MOAWIZ\Desktop\travel-to-pakistan\actions-runner\_work'
[2025-05-14 05:41:04Z INFO HostContext] Well known directory 'Actions': 'C:\Users\MOAWIZ\Desktop\travel-to-pakistan\actions-runner\_work\_actions'
[2025-05-14 05:41:04Z INFO ActionManager] Load action that reference repository from 'C:\Users\MOAWIZ\Desktop\travel-to-pakistan\actions-runner\_work\_actions\actions\checkout\v4'
[2025-05-14 05:41:04Z INFO HostContext] Well known directory 'Bin': 'C:\Users\MOAWIZ\Desktop\travel-to-pakistan\actions-runner\bin'
[2025-05-14 05:41:04Z INFO HostContext] Well known directory 'Root': 'C:\Users\MOAWIZ\Desktop\travel-to-pakistan\actions-runner'
[2025-05-14 05:41:04Z INFO HostContext] Well known directory 'Work': 'C:\Users\MOAWIZ\Desktop\travel-to-pakistan\actions-runner\_work'
[2025-05-14 05:41:04Z INFO HostContext] Well known directory 'Actions': 'C:\Users\MOAWIZ\Desktop\travel-to-pakistan\actions-runner\_work\_actions'
[2025-05-14 05:41:04Z INFO ActionManifestManager] Loaded action.yml file: {
  "name": "Checkout",
  "description": "Checkout a Git repository at a particular version",
  "inputs": {
    "type": 2,
    "map": [
      {
        "key": {
          "type": 0,
          "file": 2,
          "line": 4,
          "col": 3,
          "lit": "repository"
        },
        "value": {
          "type": 3,
          "file": 2,
          "line": 6,
          "col": 14,
          "expr": "github.repository"
        }
      },
      {
        "key": {
          "type": 0,
          "file": 2,
          "line": 7,
          "col": 3,
          "lit": "ref"
        },
        "value": ""
      },
      {
        "key": {
          "type": 0,
          "file": 2,
          "line": 12,
          "col": 3,
          "lit": "token"
        },
        "value": {
          "type": 3,
          "file": 2,
          "line": 24,
          "col": 14,
          "expr": "github.token"
        }
      },
      {
        "key": {
          "type": 0,
          "file": 2,
          "line": 25,
          "col": 3,
          "lit": "ssh-key"
        },
        "value": ""
      },
      {
        "key": {
          "type": 0,
          "file": 2,
          "line": 37,
          "col": 3,
          "lit": "ssh-known-hosts"
        },
        "value": ""
      },
      {
        "key": {
          "type": 0,
          "file": 2,
          "line": 42,
          "col": 3,
          "lit": "ssh-strict"
        },
        "value": {
          "type": 0,
          "file": 2,
          "line": 47,
          "col": 14,
          "lit": "true"
        }
      },
      {
        "key": {
          "type": 0,
          "file": 2,
          "line": 48,
          "col": 3,
          "lit": "ssh-user"
        },
        "value": {
          "type": 0,
          "file": 2,
          "line": 51,
          "col": 14,
          "lit": "git"
        }
      },
      {
        "key": {
          "type": 0,
          "file": 2,
          "line": 52,
          "col": 3,
          "lit": "persist-credentials"
        },
        "value": {
          "type": 0,
          "file": 2,
          "line": 54,
          "col": 14,
          "lit": "true"
        }
      },
      {
        "key": {
          "type": 0,
          "file": 2,
          "line": 55,
          "col": 3,
          "lit": "path"
        },
        "value": ""
      },
      {
        "key": {
          "type": 0,
          "file": 2,
          "line": 57,
          "col": 3,
          "lit": "clean"
        },
        "value": {
          "type": 0,
          "file": 2,
          "line": 59,
          "col": 14,
          "lit": "true"
        }
      },
      {
        "key": {
          "type": 0,
          "file": 2,
          "line": 60,
          "col": 3,
          "lit": "filter"
        },
        "value": {
          "type": 0,
          "file": 2,
          "line": 64,
          "col": 14,
          "lit": ""
        }
      },
      {
        "key": {
          "type": 0,
          "file": 2,
          "line": 65,
          "col": 3,
          "lit": "sparse-checkout"
        },
        "value": {
          "type": 0,
          "file": 2,
          "line": 69,
          "col": 14,
          "lit": ""
        }
      },
      {
        "key": {
          "type": 0,
          "file": 2,
          "line": 70,
          "col": 3,
          "lit": "sparse-checkout-cone-mode"
        },
        "value": {
          "type": 0,
          "file": 2,
          "line": 73,
          "col": 14,
          "lit": "true"
        }
      },
      {
        "key": {
          "type": 0,
          "file": 2,
          "line": 74,
          "col": 3,
          "lit": "fetch-depth"
        },
        "value": {
          "type": 0,
          "file": 2,
          "line": 76,
          "col": 14,
          "lit": "1"
        }
      },
      {
        "key": {
          "type": 0,
          "file": 2,
          "line": 77,
          "col": 3,
          "lit": "fetch-tags"
        },
        "value": {
          "type": 0,
          "file": 2,
          "line": 79,
          "col": 14,
          "lit": "false"
        }
      },
      {
        "key": {
          "type": 0,
          "file": 2,
          "line": 80,
          "col": 3,
          "lit": "show-progress"
        },
        "value": {
          "type": 0,
          "file": 2,
          "line": 82,
          "col": 14,
          "lit": "true"
        }
      },
      {
        "key": {
          "type": 0,
          "file": 2,
          "line": 83,
          "col": 3,
          "lit": "lfs"
        },
        "value": {
          "type": 0,
          "file": 2,
          "line": 85,
          "col": 14,
          "lit": "false"
        }
      },
      {
        "key": {
          "type": 0,
          "file": 2,
          "line": 86,
          "col": 3,
          "lit": "submodules"
        },
        "value": {
          "type": 0,
          "file": 2,
          "line": 94,
          "col": 14,
          "lit": "false"
        }
      },
      {
        "key": {
          "type": 0,
          "file": 2,
          "line": 95,
          "col": 3,
          "lit": "set-safe-directory"
        },
        "value": {
          "type": 0,
          "file": 2,
          "line": 97,
          "col": 14,
          "lit": "true"
        }
      },
      {
        "key": {
          "type": 0,
          "file": 2,
          "line": 98,
          "col": 3,
          "lit": "github-server-url"
        },
        "value": ""
      }
    ]
  },
  "execution": {
    "executionType": "nodeJS",
    "hasPre": false,
    "hasPost": true,
    "script": "dist/index.js",
    "pre": null,
    "post": "dist/index.js",
    "nodeVersion": "node20",
    "cleanupCondition": "always()",
    "initCondition": "always()"
  },
  "deprecated": null
}
[2025-05-14 05:41:04Z INFO ActionManager] Action pre node.js file: N/A.
[2025-05-14 05:41:04Z INFO ActionManager] Action node.js file: dist/index.js.
[2025-05-14 05:41:04Z INFO ActionManager] Action post node.js file: dist/index.js.
[2025-05-14 05:41:04Z INFO HostContext] Well known directory 'Bin': 'C:\Users\MOAWIZ\Desktop\travel-to-pakistan\actions-runner\bin'
[2025-05-14 05:41:04Z INFO HostContext] Well known directory 'Root': 'C:\Users\MOAWIZ\Desktop\travel-to-pakistan\actions-runner'
[2025-05-14 05:41:04Z INFO HostContext] Well known directory 'Work': 'C:\Users\MOAWIZ\Desktop\travel-to-pakistan\actions-runner\_work'
[2025-05-14 05:41:04Z INFO HostContext] Well known directory 'Temp': 'C:\Users\MOAWIZ\Desktop\travel-to-pakistan\actions-runner\_work\_temp'
[2025-05-14 05:41:04Z INFO ExecutionContext] Write event payload to C:\Users\MOAWIZ\Desktop\travel-to-pakistan\actions-runner\_work\_temp\_github_workflow\event.json
[2025-05-14 05:41:04Z INFO HostContext] Well known directory 'Bin': 'C:\Users\MOAWIZ\Desktop\travel-to-pakistan\actions-runner\bin'
[2025-05-14 05:41:04Z INFO HostContext] Well known directory 'Root': 'C:\Users\MOAWIZ\Desktop\travel-to-pakistan\actions-runner'
[2025-05-14 05:41:04Z INFO HostContext] Well known directory 'Work': 'C:\Users\MOAWIZ\Desktop\travel-to-pakistan\actions-runner\_work'
[2025-05-14 05:41:04Z INFO HostContext] Well known directory 'Temp': 'C:\Users\MOAWIZ\Desktop\travel-to-pakistan\actions-runner\_work\_temp'
[2025-05-14 05:41:04Z INFO ExtensionManager] Getting extensions for interface: 'GitHub.Runner.Worker.IFileCommandExtension'
[2025-05-14 05:41:04Z INFO ActionManifestManager] Input 'repository': default value evaluate result: {
  "type": 0,
  "file": 2,
  "line": 6,
  "col": 14,
  "lit": "***-2706/Travel-TO-Pakistan-Tour"
}
[2025-05-14 05:41:04Z INFO ActionManifestManager] Input 'ref': default value evaluate result: ""
[2025-05-14 05:41:04Z INFO ActionManifestManager] Input 'ssh-key': default value evaluate result: ""
[2025-05-14 05:41:04Z INFO ActionManifestManager] Input 'ssh-known-hosts': default value evaluate result: ""
[2025-05-14 05:41:04Z INFO ActionManifestManager] Input 'ssh-strict': default value evaluate result: {
  "type": 0,
  "file": 2,
  "line": 47,
  "col": 14,
  "lit": "true"
}
[2025-05-14 05:41:04Z INFO ActionManifestManager] Input 'ssh-user': default value evaluate result: {
  "type": 0,
  "file": 2,
  "line": 51,
  "col": 14,
  "lit": "git"
}
[2025-05-14 05:41:04Z INFO ActionManifestManager] Input 'persist-credentials': default value evaluate result: {
  "type": 0,
  "file": 2,
  "line": 54,
  "col": 14,
  "lit": "true"
}
[2025-05-14 05:41:04Z INFO ActionManifestManager] Input 'path': default value evaluate result: ""
[2025-05-14 05:41:04Z INFO ActionManifestManager] Input 'clean': default value evaluate result: {
  "type": 0,
  "file": 2,
  "line": 59,
  "col": 14,
  "lit": "true"
}
[2025-05-14 05:41:04Z INFO ActionManifestManager] Input 'filter': default value evaluate result: {
  "type": 0,
  "file": 2,
  "line": 64,
  "col": 14,
  "lit": ""
}
[2025-05-14 05:41:04Z INFO ActionManifestManager] Input 'sparse-checkout': default value evaluate result: {
  "type": 0,
  "file": 2,
  "line": 69,
  "col": 14,
  "lit": ""
}
[2025-05-14 05:41:04Z INFO ActionManifestManager] Input 'sparse-checkout-cone-mode': default value evaluate result: {
  "type": 0,
  "file": 2,
  "line": 73,
  "col": 14,
  "lit": "true"
}
[2025-05-14 05:41:04Z INFO ActionManifestManager] Input 'fetch-tags': default value evaluate result: {
  "type": 0,
  "file": 2,
  "line": 79,
  "col": 14,
  "lit": "false"
}
[2025-05-14 05:41:04Z INFO ActionManifestManager] Input 'show-progress': default value evaluate result: {
  "type": 0,
  "file": 2,
  "line": 82,
  "col": 14,
  "lit": "true"
}
[2025-05-14 05:41:04Z INFO ActionManifestManager] Input 'lfs': default value evaluate result: {
  "type": 0,
  "file": 2,
  "line": 85,
  "col": 14,
  "lit": "false"
}
[2025-05-14 05:41:04Z INFO ActionManifestManager] Input 'set-safe-directory': default value evaluate result: {
  "type": 0,
  "file": 2,
  "line": 97,
  "col": 14,
  "lit": "true"
}
[2025-05-14 05:41:04Z INFO ActionManifestManager] Input 'github-server-url': default value evaluate result: ""
[2025-05-14 05:41:04Z INFO ExtensionManager] Getting extensions for interface: 'GitHub.Runner.Worker.IActionCommandExtension'
[2025-05-14 05:41:04Z INFO ActionCommandManager] Register action command extension for command internal-set-repo-path
[2025-05-14 05:41:04Z INFO ActionCommandManager] Register action command extension for command set-env
[2025-05-14 05:41:04Z INFO ActionCommandManager] Register action command extension for command set-output
[2025-05-14 05:41:04Z INFO ActionCommandManager] Register action command extension for command save-state
[2025-05-14 05:41:04Z INFO ActionCommandManager] Register action command extension for command add-path
[2025-05-14 05:41:04Z INFO ActionCommandManager] Register action command extension for command add-mask
[2025-05-14 05:41:04Z INFO ActionCommandManager] Register action command extension for command add-matcher
[2025-05-14 05:41:04Z INFO ActionCommandManager] Register action command extension for command remove-matcher
[2025-05-14 05:41:04Z INFO ActionCommandManager] Register action command extension for command warning
[2025-05-14 05:41:04Z INFO ActionCommandManager] Register action command extension for command error
[2025-05-14 05:41:04Z INFO ActionCommandManager] Register action command extension for command notice
[2025-05-14 05:41:04Z INFO ActionCommandManager] Register action command extension for command debug
[2025-05-14 05:41:04Z INFO ActionCommandManager] Register action command extension for command group
[2025-05-14 05:41:04Z INFO ActionCommandManager] Register action command extension for command endgroup
[2025-05-14 05:41:04Z INFO ActionCommandManager] Register action command extension for command echo
[2025-05-14 05:41:04Z INFO HostContext] Well known directory 'Bin': 'C:\Users\MOAWIZ\Desktop\travel-to-pakistan\actions-runner\bin'
[2025-05-14 05:41:04Z INFO HostContext] Well known directory 'Root': 'C:\Users\MOAWIZ\Desktop\travel-to-pakistan\actions-runner'
[2025-05-14 05:41:04Z INFO HostContext] Well known directory 'Externals': 'C:\Users\MOAWIZ\Desktop\travel-to-pakistan\actions-runner\externals'
[2025-05-14 05:41:04Z INFO ProcessInvokerWrapper] Starting process:
[2025-05-14 05:41:04Z INFO ProcessInvokerWrapper]   File name: 'C:\Users\MOAWIZ\Desktop\travel-to-pakistan\actions-runner\externals\node20\bin\node.exe'
[2025-05-14 05:41:04Z INFO ProcessInvokerWrapper]   Arguments: '"C:\Users\MOAWIZ\Desktop\travel-to-pakistan\actions-runner\_work\_actions\actions\checkout\v4\dist/index.js"'
[2025-05-14 05:41:04Z INFO ProcessInvokerWrapper]   Working directory: 'C:\Users\MOAWIZ\Desktop\travel-to-pakistan\actions-runner\_work\Travel-TO-Pakistan-Tour\Travel-TO-Pakistan-Tour'
[2025-05-14 05:41:04Z INFO ProcessInvokerWrapper]   Require exit code zero: 'False'
[2025-05-14 05:41:04Z INFO ProcessInvokerWrapper]   Encoding web name: utf-8 ; code page: '65001'
[2025-05-14 05:41:04Z INFO ProcessInvokerWrapper]   Force kill process on cancellation: 'False'
[2025-05-14 05:41:04Z INFO ProcessInvokerWrapper]   Redirected STDIN: 'False'
[2025-05-14 05:41:04Z INFO ProcessInvokerWrapper]   Persist current code page: 'True'
[2025-05-14 05:41:04Z INFO ProcessInvokerWrapper]   Keep redirected STDIN open: 'False'
[2025-05-14 05:41:04Z INFO ProcessInvokerWrapper]   High priority process: 'False'
[2025-05-14 05:41:04Z INFO ProcessInvokerWrapper] Process started with process id 29248, waiting for process exit.
[2025-05-14 05:41:04Z INFO JobServerQueue] Try to append 1 batches web console lines for record '72dbe636-ee9b-4713-b5e7-fb62cf17a065', success rate: 1/1.
[2025-05-14 05:41:04Z INFO JobServerQueue] Try to append 1 batches web console lines for record '5e4dadbc-5b8b-41c2-b3aa-4ab0e59b0708', success rate: 1/1.
[2025-05-14 05:41:04Z INFO JobServerQueue] Got a step log file to send to results service.
[2025-05-14 05:41:04Z INFO JobServerQueue] Starting upload of step log file to results service ResultsLog, C:\Users\MOAWIZ\Desktop\travel-to-pakistan\actions-runner\_diag\blocks\628d4f2d-89e6-4644-a53f-a4bd729de69b_72dbe636-ee9b-4713-b5e7-fb62cf17a065.1
[2025-05-14 05:41:04Z INFO AddMaskCommandExtension] Add new secret mask with length of 32
[2025-05-14 05:41:05Z INFO JobServerQueue] Try to append 1 batches web console lines for record '5e4dadbc-5b8b-41c2-b3aa-4ab0e59b0708', success rate: 1/1.
[2025-05-14 05:41:05Z INFO JobServerQueue] Try to upload 1 log files or attachments, success rate: 1/1.
[2025-05-14 05:41:05Z INFO JobServerQueue] Try to append 1 batches web console lines for record '5e4dadbc-5b8b-41c2-b3aa-4ab0e59b0708', success rate: 1/1.
[2025-05-14 05:41:05Z INFO JobServerQueue] Tried to upload 1 file(s) to results, success rate: 1/1.
[2025-05-14 05:41:06Z INFO JobServerQueue] Try to append 1 batches web console lines for record '5e4dadbc-5b8b-41c2-b3aa-4ab0e59b0708', success rate: 1/1.
[2025-05-14 05:41:06Z INFO ProcessInvokerWrapper] STDOUT/STDERR stream read finished.
[2025-05-14 05:41:06Z INFO ProcessInvokerWrapper] STDOUT/STDERR stream read finished.
[2025-05-14 05:41:06Z INFO ProcessInvokerWrapper] Finished process 29248 with exit code 0, and elapsed time 00:00:02.2282403.
[2025-05-14 05:41:06Z INFO CreateStepSummaryCommand] Step Summary file (C:\Users\MOAWIZ\Desktop\travel-to-pakistan\actions-runner\_work\_temp\_runner_file_commands\step_summary_b2099ea4-7324-481f-84b9-2bd5088f67e9) is empty; skipping attachment upload
[2025-05-14 05:41:06Z INFO StepsRunner] Step result: 
[2025-05-14 05:41:06Z INFO ExecutionContext] Publish step telemetry for current step {
  "action": "actions/checkout",
  "ref": "v4",
  "type": "node20",
  "stage": "Post",
  "stepId": "5e4dadbc-5b8b-41c2-b3aa-4ab0e59b0708",
  "result": "succeeded",
  "errorMessages": [
    "The process 'C:\\Program Files\\Git\\cmd\\git.exe' failed with exit code 128"
  ],
  "executionTimeInSeconds": 3,
  "startTime": "2025-05-14T05:41:04.3124036Z",
  "finishTime": "2025-05-14T05:41:06.5865187Z"
}.
[2025-05-14 05:41:06Z INFO StepsRunner] No need for updating job result with current step result 'Succeeded'.
[2025-05-14 05:41:06Z INFO StepsRunner] Current state: job state = 'Failed'
[2025-05-14 05:41:06Z INFO JobRunner] Finalize job.
[2025-05-14 05:41:06Z INFO HostContext] Well known directory 'Bin': 'C:\Users\MOAWIZ\Desktop\travel-to-pakistan\actions-runner\bin'
[2025-05-14 05:41:06Z INFO HostContext] Well known directory 'Root': 'C:\Users\MOAWIZ\Desktop\travel-to-pakistan\actions-runner'
[2025-05-14 05:41:06Z INFO HostContext] Well known directory 'Diag': 'C:\Users\MOAWIZ\Desktop\travel-to-pakistan\actions-runner\_diag'
[2025-05-14 05:41:06Z INFO HostContext] Well known directory 'Bin': 'C:\Users\MOAWIZ\Desktop\travel-to-pakistan\actions-runner\bin'
[2025-05-14 05:41:06Z INFO HostContext] Well known directory 'Root': 'C:\Users\MOAWIZ\Desktop\travel-to-pakistan\actions-runner'
[2025-05-14 05:41:06Z INFO HostContext] Well known directory 'Diag': 'C:\Users\MOAWIZ\Desktop\travel-to-pakistan\actions-runner\_diag'
[2025-05-14 05:41:06Z INFO JobExtension] Initialize Env context
[2025-05-14 05:41:06Z INFO JobExtension] Initialize steps context
[2025-05-14 05:41:06Z INFO JobExtension] Total accessible running process: 391.
[2025-05-14 05:41:06Z INFO JobExtension] Inspecting process environment variables. PID: 23256 (chrome)
[2025-05-14 05:41:06Z INFO JobExtension] Inspecting process environment variables. PID: 22960 (chrome)
[2025-05-14 05:41:06Z INFO JobExtension] Inspecting process environment variables. PID: 8732 (chrome)
[2025-05-14 05:41:06Z INFO JobExtension] Inspecting process environment variables. PID: 19612 (WmiPrvSE)
[2025-05-14 05:41:06Z INFO JobExtension] Inspecting process environment variables. PID: 23612 (chrome)
[2025-05-14 05:41:06Z INFO JobExtension] Wait for all connectivity checks to finish.
[2025-05-14 05:41:06Z INFO JobExtension] Connectivity check result: GitHub.Runner.Worker.JobExtension+CheckResult
[2025-05-14 05:41:06Z INFO JobExtension] Connectivity check result: GitHub.Runner.Worker.JobExtension+CheckResult
[2025-05-14 05:41:06Z INFO JobExtension] Connectivity check result: GitHub.Runner.Worker.JobExtension+CheckResult
[2025-05-14 05:41:06Z INFO JobExtension] Connectivity check result: GitHub.Runner.Worker.JobExtension+CheckResult
[2025-05-14 05:41:06Z INFO JobExtension] Connectivity check result: GitHub.Runner.Worker.JobExtension+CheckResult
[2025-05-14 05:41:06Z INFO JobExtension] Connectivity check result: GitHub.Runner.Worker.JobExtension+CheckResult
[2025-05-14 05:41:06Z INFO ExecutionContext] Publish step telemetry for current step {
  "action": "complete_job",
  "type": "runner",
  "stage": "Post",
  "stepId": "6fd2aabc-95ae-427c-afdc-9bc8729991b6",
  "result": "succeeded",
  "errorMessages": [],
  "executionTimeInSeconds": 1,
  "startTime": "2025-05-14T05:41:06.5962984Z",
  "finishTime": "2025-05-14T05:41:06.6596879Z"
}.
[2025-05-14 05:41:06Z INFO JobRunner] Job result after all job steps finish: Failed
[2025-05-14 05:41:06Z INFO JobRunner] Completing the job execution context.
[2025-05-14 05:41:06Z INFO JobServerQueue] Got a step log file to send to results service.
[2025-05-14 05:41:06Z INFO JobServerQueue] Starting upload of step log file to results service ResultsLog, C:\Users\MOAWIZ\Desktop\travel-to-pakistan\actions-runner\_diag\blocks\628d4f2d-89e6-4644-a53f-a4bd729de69b_5e4dadbc-5b8b-41c2-b3aa-4ab0e59b0708.1
[2025-05-14 05:41:06Z INFO JobRunner] Shutting down the job server queue.
[2025-05-14 05:41:06Z INFO JobServerQueue] Fire signal to shutdown all queues.
[2025-05-14 05:41:07Z INFO JobServerQueue] Got a step log file to send to results service.
[2025-05-14 05:41:07Z INFO JobServerQueue] Starting upload of step log file to results service ResultsLog, C:\Users\MOAWIZ\Desktop\travel-to-pakistan\actions-runner\_diag\blocks\628d4f2d-89e6-4644-a53f-a4bd729de69b_6fd2aabc-95ae-427c-afdc-9bc8729991b6.1
[2025-05-14 05:41:08Z INFO JobServerQueue] Tried to upload 2 file(s) to results, success rate: 2/2.
[2025-05-14 05:41:09Z INFO JobServerQueue] All queue process task stopped.
[2025-05-14 05:41:09Z INFO JobServerQueue] Try to append 1 batches web console lines for record '5e4dadbc-5b8b-41c2-b3aa-4ab0e59b0708', success rate: 1/1.
[2025-05-14 05:41:09Z INFO JobServerQueue] Try to append 1 batches web console lines for record '6fd2aabc-95ae-427c-afdc-9bc8729991b6', success rate: 1/1.
[2025-05-14 05:41:09Z INFO JobServerQueue] Web console line queue drained.
[2025-05-14 05:41:09Z INFO JobServerQueue] Uploading 3 files in one shot.
[2025-05-14 05:41:10Z INFO JobServerQueue] Try to upload 3 log files or attachments, success rate: 3/3.
[2025-05-14 05:41:10Z INFO JobServerQueue] File upload queue drained.
[2025-05-14 05:41:10Z INFO JobServerQueue] Starting results-based upload queue...
[2025-05-14 05:41:10Z INFO JobServerQueue] Uploading 1 file(s) in one shot through results service.
[2025-05-14 05:41:10Z INFO JobServerQueue] Got a job log file to send to results service.
[2025-05-14 05:41:10Z INFO JobServerQueue] Starting upload of job log file to results service ResultsLog, C:\Users\MOAWIZ\Desktop\travel-to-pakistan\actions-runner\_diag\blocks\628d4f2d-89e6-4644-a53f-a4bd729de69b_2fadb47e-1d34-541b-cb18-f3a121ea6ec1.1
[2025-05-14 05:41:11Z INFO JobServerQueue] Tried to upload 1 file(s) to results, success rate: 1/1.
[2025-05-14 05:41:11Z INFO JobServerQueue] Results upload queue drained.
[2025-05-14 05:41:12Z INFO JobServerQueue] Timeline update queue drained.
[2025-05-14 05:41:12Z INFO JobServerQueue] Disposing job server ...
[2025-05-14 05:41:12Z INFO JobServerQueue] Disposing results server ...
[2025-05-14 05:41:12Z INFO JobServerQueue] All queue process tasks have been stopped, and all queues are drained.
[2025-05-14 05:41:12Z INFO JobServerQueue] Actions upload time: 4803 ms, Result upload time: 7766 ms
[2025-05-14 05:41:12Z INFO TempDirectoryManager] Cleaning runner temp folder: C:\Users\MOAWIZ\Desktop\travel-to-pakistan\actions-runner\_work\_temp
[2025-05-14 05:41:12Z INFO HostContext] Well known directory 'Bin': 'C:\Users\MOAWIZ\Desktop\travel-to-pakistan\actions-runner\bin'
[2025-05-14 05:41:12Z INFO HostContext] Well known directory 'Root': 'C:\Users\MOAWIZ\Desktop\travel-to-pakistan\actions-runner'
[2025-05-14 05:41:12Z INFO HostContext] Well known directory 'Diag': 'C:\Users\MOAWIZ\Desktop\travel-to-pakistan\actions-runner\_diag'
[2025-05-14 05:41:12Z INFO HostContext] Well known config file 'Telemetry': 'C:\Users\MOAWIZ\Desktop\travel-to-pakistan\actions-runner\_diag\.telemetry'
[2025-05-14 05:41:12Z INFO JobRunner] Raising job completed event
[2025-05-14 05:41:12Z INFO Worker] Job completed.
